ID,Name in English,Name in French,Name in Spanish,Countries,Country codes alpha 3,ISO639-3 codes,Degree of endangerment,Alternate names,Name in the language,Number of speakers,Sources,Latitude,Longitude,Description of the location
2065,Tamajeq,tamajeq,tamacheq tahoua,Niger,NER,thz,Vulnerable,,,1750000,"Tuareg organisations (eg Temoust, Lyon see websites)
Data presented numerous times at UN Commission / Council for Human Rights",17.2352,8.0859,
701,Tamaceq,tamaceq,tamacheq tahoua,Mali,MLI,taq,Definitely endangered,"Tamacheq, Tamasheq",,800000,"Official population figures, Local and international organisations
Numerous publications on background",16.7992,-3.0102,"Central, and northeast Mali, Kidal, Tombouctou areas. 
Also spoken in Algeria, Burkina Faso
"
1380,Bade,bade,badé,Nigeria,NGA,bde,Vulnerable,,,250000,"Ethnologue, Roger Blench",12.801,11.1181,
1970,Nafusi,nefousi,jabal nafusah,Libyan Arab Jamahiriya,LBY,jbn,Severely endangered,"Nefusi, Tamazight of Jabal Nafusi, Jebel Nefusi, Jbel Nafusi, Adrar Nufusi",,240000,"ُEthnologue
Libyan sources",32.6393,13.4252,"Language spoken in the regions of Tripolitania, western Libya, isolated area around the towns of Nalut and Yafran, Jabal Nafusah Region, coastal area around Zuara, west of Tripoli."
1384,Gera,gera,gera,Nigeria,NGA,gew,Vulnerable,,,200000,"Roger Blench, Ethnologue",10.5553,10.0579,
1996,Tamzabit,tamzabit,tumzabí,Algeria,DZA,mzb,Vulnerable,"Tumzabt, Tamzabt, Mozabite",,150000,"Chaker, official population figures. No linguistic census available.",32.4816,3.6694,"The M'zab Valley. Seven oases: Ghardaïa,  Beni-Isguen, El-Ateuf, Mélika, Bou Noura, Berrian, Guerrara.
"
655,Tamahaq (Algeria),tamahaq (Algérie),tamahaq (Argelia),Algeria,DZA,thv,Vulnerable,"Tahaggart, Tamachek, Touareg, Tuareg, Toureg",,120000,"Official population figures.
Chaker (INALCO websites and other publications)
Cortade, Bernus etc.",22.8369,5.5371,South west Algeria especially in around the regional centres of Tamanrasset (Kel Ahaggar) and Djanet (Kel Ajjer).
96,Suba,suba,suba,"Kenya, United Republic of Tanzania","KEN, TZA","sxb, ssc",Vulnerable,,,100000,Okoth Okombo,-0.9942,34.519,Kenya and Tanzania
700,Heiban,heiban,heibán,Sudan,SDN,hbn,Vulnerable,,,90000," Editor's field visit
Population statistics of International assessments and humanitarian missions",10.8575,30.2371,"Heiban, Abul (Obul), and nearby hills. In Heiban town on the Abri-Talodi road. Alternate names: Ebang, Abul."
1686,Yem,yem,yemsa,Ethiopia,ETH,jnj,Vulnerable,"Yemsa, ""Janjero""",,81613,"Census, Aklilu Yilma",7.6347,37.3205,
2163,Taznatit,taznatit,taznatit,Algeria,DZA,grr,Severely endangered,"Tamazight du Gourara, Tamazight du Touat",,80000,"Official Population figures, Bellil, Guillermou",29.3413,0.3955,"Several oasis around Timimoune, Adrar, Tamentit"
1713,Acheron,acheron,acheron,Sudan,SDN,acz,Severely endangered,Game,,70000,"UN interagency assessment missions, vaccination campaigns
Editor's field visit",10.809,30.2453,"Northern Sudan, Kordofan Province, southern Nuba Hills. Acheron "
122,Zaramo,zaramo,zalamo / saramo,United Republic of Tanzania,TZA,zaj,Definitely endangered,,,50000,Herman Batibo,-6.922,39.2409,
2180,Zenatiya,zenatiya,zenatiya,Algeria,DZA,,Critically endangered,"Tamazight, taqbaylit",,50000,"Informal sociolinguistic investigations.
Local sources (though of limited reliability)",35.5702,1.8099,The Ouarsenis region including the the Tissemsilt Province (Wilaya)
60,Lumun,lumun,lomón,Sudan,SDN,lmd,Definitely endangered,Lomon,,45000,"Ethnologue
Filed mission 1999, missions 2002",10.8387,30.0338,"Talodi, Moro Hills; villages Toromathan, To'ri, and Canya'ru. "
1329,Reshe,reshe,reshe,Nigeria,NGA,res,Vulnerable,,,44000,"Roger Blench, Ethnologue",10.8791,4.6115,
134,Phuthi,phuthi,suací,Lesotho,LSO,ssw,Definitely endangered,,,43000,Ethnologue,-29.3791,28.2838,
1304,Jola-Kassa,jola-kassa,kasa,Senegal,SEN,csk,Vulnerable,,,40850,"Ethnologue, Adjaratou Sall, Tucker Childs",13.1089,-15.8999,
70,Laro,Laru,laro,Sudan,SDN,lro,Definitely endangered,,,40000,Ethnologue,10.7685,29.902,
2210,Tetserret,tetserret,tetserret,Niger,NER,,Severely endangered,"
",,40000,"Abdoulmohamine Khamed Attayoub 
Saskia Walentowitz and A.K. Attayoub",15.4907,6.2072,Spoken around Abalak (near Tahoua)
1717,Ngile,ngile,taloca,Sudan,SDN,jle,Severely endangered,"Masakin, Taloka, Darra",,38000,Ethnologue,10.7901,29.8635,
1715,Moro,moro,moro,Sudan,SDN,mor,Definitely endangered,Dhimorong,,30000,"Ethnologue,
Field visit and intenational humanitarian missions",10.8872,30.1904,Various villages in Logorban
2181,Tidikelt,tidikelt,tidikelt,Algeria,DZA,tia,Critically endangered,Tidikelt is the name of the region. Now referred to with the generic term Tamazight (of Tidikelt),,30000,"Chaker, Ethnologue, Populaiton figures",26.8828,2.5488,Tidkilet region especially In Salah and several other oases.
1302,Mancagne,mancagne,mancaña,Senegal,SEN,knf,Vulnerable,Bola,,26450,"Tucker Childs, Ethnologue, Adjaratou Sall",12.7743,-15.6967,
699,Tamazight (Beni Iznassen),tamazight (Beni Iznassen),tamazight (Beni Iznassen),Morocco,MAR,rif,Definitely endangered,Berber; Tachelhiyt; Tashelhit; Chelha; Yeznasniyya; Tayeznasniyt; Tmazight nayt Izznassen,,25000,"Estimates based on field investigation.

",34.7506,-2.1917,"North-Eastern  Morocco.  At urban centre of Berkane and surrounding  villages.  The main locations are: Aklim,  Madagh, Aghbal, Tafoughalt, Chouihiyya, Sidi Bouhouriyya, Aghbal, Fezouane. Subdivisions are Ayt Atiq, Ayt Khaled, Ayt Ouriemmech and Ayt Mengouch. 
Though close to Tarifit (Riffi) with characteristics in common,Beni Iznassen TamazighT is not a variety of Tarifit."
1306,Ediamat,ediamat,eyamat,Guinea-Bissau,GNB,eja,Vulnerable,Ejamat,,22025,"Ethnologue, Adjaratou Sall",12.2621,-16.5289,
1386,Polci cluster,groupe Polci,polci,Nigeria,NGA,plj,Definitely endangered,,,22000,Roger Blench,9.9742,9.3328,
63,Krongo,krongo,crongo,Sudan,SDN,kgo,Definitely endangered,,,21688,"C. Stevenson, Ethnologue",10.585,29.8883,
1995,Tacenwit,tacenwit,tacenwit,Algeria,DZA,cnu,Vulnerable,"Tachenuit, Chenoui, Chenoua, Haqbaylit, Taqbaylit",,20000,"Laoust, Chaker, ",36.5703,2.2892,"Mont Chenoua, Tipaza, Nador, Bou Ismail, Tenes, Cherchell, Hamadia, Gouraya, Damous, Oued Damous, Larhat, Marceau, Sidi Amar, Nador, Tipaza, Sidi Mousa, Ain Tagourirt"
1405,Yeyi,yeyi,yeyi,Botswana,BWA,yey,Definitely endangered,Yei,,20000,"Gabriele Sommer, Ethnoloque",-19.4562,23.2031,"In Maun, settlements east and west of the Okavango swamps. "
1680,Boro,boro,boro,,,bwo,Definitely endangered,Shinasha,,19878,"Census, Zelealem Leyew",10.3581,35.0024,
1310,Bassari,bassari,basarí,Senegal,SEN,bsc,Vulnerable,,,17910,"Tucker Childs, Ethnologue, Adjaratou Sall",12.4419,-12.6617,"Spoken in Senegal, Guinea and Guinea-Bissau."
1307,Bayot,bayotte,bayot,Senegal,SEN,bda,Vulnerable,,,17150,"Ethnologue, Adjaratou Sall, Tucker Childs",12.4218,-16.4149,
1712,Tamahaq (Libya),tamahaq (Jamahiriya arabe libyenne),tamahaq (Libia),Libyan Arab Jamahiriya,LBY,thv,Definitely endangered,"Tahaggart, Touareg, Tuareg, Kel Ajjer",,17000,"Jean-maire Cortade, Pere de Foucould, Salem Chaker (INALCO)",24.9611,10.1733,"The language is spoken in west libyan oases around Ghat. It is part of the Kel Ajjer group, spoken also accross the border in Algeria, around Djanet."
1684,Oyda,oyda,oyda,Ethiopia,ETH,oyd,Vulnerable,,,16597,"Census, Alemayehu Abebe",5.9438,36.6503,
109,Amba,amba,amba,Uganda,UGA,rwm,Vulnerable,,,16000,Ethnologue,0.6737,30.198,
24,Gurdu-Mbaaru,gurdu-mbaaru,guruntum,Nigeria,NGA,grd,Severely endangered,Gurutum-Mbaaru,,15000,"Roger Blench, Ethnologue",9.7415,10.4534,
1681,Kwama,kwama,kwama,Ethiopia,ETH,kmq,Vulnerable,,,15000,Ethnologue,9.5465,34.2059,
1719,Shatt,shatt,shatt,Sudan,SDN,shj,Severely endangered,Caning,,15000,"C. Stevenson, Ethnologue",10.8117,29.7235,"Shatt Hills, southwest of Kadugli"
6,Siwi,siwi,siví,Egypt,EGY,siz,Definitely endangered,"Siwa, Tsiwit, Tasiwit, Zenati, Tamazight (generic)",,15000,"No official statistics. Several recent visits by specialists of Tamazight linguistics and minority studies produced rough estimates. 
 ",29.1905,25.5322,"Siwi is spoken in the Oasis of Siwa located in western  of Egypt,  70 kms from the Lybian  border and  560 km away from Cairo. "
1289,Tagargrent,tagargrent,wargla,Algeria,DZA,oua,Severely endangered,"Tamazight, Berbere de Ouargla",,15000,"Jean Delheure in Agerraw n iwalen teggargrent-tarumit -Dictionnaire Ouargli-Francais, SELA 1987
Chaker, local sources (informal interviews).",30.9587,4.0209,"Ouargla, Ngouça"
2162,Tayurayt,tayurayt,tayurayt,Algeria,DZA,,Vulnerable,"Gouraya, taqbaylit
Tamazight n Iyurayen",,15000,Official population sources and various local internet sites.,36.5648,1.9061,Gouraya and surrounding region
62,Katla,katla,catla,Sudan,SDN,kcr,Definitely endangered,"Akalak, Kalak",,14208,"C. Stevenson, Ethnologue",11.7329,29.3939,
1300,Gusilay,gusilay,gusilay,Senegal,SEN,gsl,Vulnerable,,,13950,"Ethologue, Adjaratou Sall",12.7019,-16.4382,
11,Nalu,nalu,nalu,Guinea,GIN,naj,Definitely endangered,,,13000,"Ethnologue, Tucker Childs",10.9523,-14.7629,
1721,Tagoi,tagoi,tagoí,Sudan,SDN,tag,Severely endangered,,,13000,Ethnologue,10.8252,30.1657,"Moreb, Tagoi, Turjok, Tumale Hill"
71,Karko,karko,karko,Sudan,SDN,kko,Definitely endangered,,,12986,"C. Stevenson, Ethnologue",11.964,29.4186,
52,Kadaru,kadaru,kadaru,Sudan,SDN,kdu,Definitely endangered,Kodoro,,12360,Ethnologue,12.1789,30.2398,
1309,Badiaranke,badiaranké,badiara / badyara,Guinea,GIN,pbp,Severely endangered,Badyara,,12205,"Ethnologue, Adjaratou Sall, Tucker Childs ",12.4043,-13.5736,"Spoken in Guinea, Guinea-Bissau and Senegal.

 "
1733,Komo,komo,como,"Ethiopia, Sudan","ETH, SDN",xom,Definitely endangered,"Gokwom, Madiin",,11500,Ethnologue,9.0804,34.0905,
19,Tuwuli,bowili,bowiri,Ghana,GHA,bov,Vulnerable,"Bowili, Tora",,11400,Ethnologue,7.0572,0.3845,
1296,Noon,noon,noono,Senegal,SEN,snf,Vulnerable,Serer-Noon,,10925,Adjaratou Sall,14.8173,-16.5234,
1303,Bandial,bandial,bandal,Senegal,SEN,bqj,Vulnerable,,,10125,"Ethnologue, Adjaratou Sall, Tucker Childs",12.5317,-16.1553,
55,Bongo,bongo,bongo,Sudan,SDN,bot,Definitely endangered,Dor,,10084,Ethnologue,6.1405,31.7999,
119,Burunge,burunge,burunguí,United Republic of Tanzania,TZA,bds,Vulnerable,,,10000,Roland Kießling,-4.7297,35.7769,
139,Karang,karanga,karango,Chad,TCD,kth,Vulnerable,Kurunga,,10000,Ethnologue,8.3093,15.3588,
27,Ngwaba,ngwaba,enguaba,Nigeria,NGA,ngw,Severely endangered,,,10000,"Roger Blench, Ethnologue",9.9904,12.81,
1718,Otoro,otoro,otoro,Sudan,SDN,otr,Severely endangered,Kawama,,10000,Ethnologue,11.1864,30.6353,
718,Tamazight (Tunisia),tamazight (Tunisie),tamazight (Túnez),Tunisia,TUN,rif,Severely endangered,"Currently referred to with generic term Tamazight. Locally often called Chilha (Shilha) or Chaouia. 
Also called Tamezret or Djerbi or Ghadamsi Berber (Tamazight)
Referred to as Nafusi by Ethnologue owing to its geographic proximity and lignuistic",,10000,"Published references on the language (see Pencheon, 1968, Daoud, 1991a, Battenburg, 1996, 1997; Baccouche, 1998, Battenburg, 1999, etc) are often cited. 
Current local sources (many published on the internet) include both linguists and members of the speech community.
",36.0313,9.8767,"The language is spoken on the island of Djerba (Adjin Guellala, Sadouikech, Elmal, Mahboubine, Sedghiane)  and in a few southern villages between Gafsa and the Libyan border. including Matmata (Zraoua, Taoujjout, Tamezret), Tataouine (Chouini, Douiret), Médenine, Kebili, Tozeur.
These villages numbered 13 in the 1950s and 1960s (Basset, Penchoen) but the data was even then inaccurate.
Recent claims (eg Congres Mondial Amazigh) suggest the existence of other, unaccounted linguistic communities in the North and near the Algerian border ((Monts de Tebessa, El Kef, Siliana) but there is no tangible evidence, although the claim is not implausible.


"
1723,Temein,temein,temeino,Sudan,SDN,teq,Severely endangered,"Ronge, Rone",,10000,"C. Stevenson, Ethnologue",11.8377,29.4625,"Temein hills southwest of Dilling, between Jebels Ghulfan Morung and Julud (Gulud). "
120,Vidunda,vidunda,vidunda,United Republic of Tanzania,TZA,vid,Vulnerable,,,10000,Karsten Legère,-6.8664,37.304,
1297,Paloor,paloor,palor,Senegal,SEN,fap,Vulnerable,Sili,,9680,"Ethnologue, Adjaratou Sall",14.7801,-16.8035,2007
1728,Tulishi,tulishi,tulishi,Sudan,SDN,tey,Severely endangered,"Thulesh, Thulishi, Kuntulishi",,8628,Ethnologue,11.5984,29.0917,
1685,Ts'amay,ts'amakko,tsamai,Ethiopia,ETH,tsb,Definitely endangered,Tsamai,,8621,"Census, ongoing research by Graziano Sava, Mauro Tosco ",5.4382,37.2463,
1647,Toram,toram,toram,Chad,TCD,trj,Severely endangered,,,8456,Ethnologue,11.1581,19.6023,
88,Argobba,argobba,argobba,Ethiopia,ETH,agj,Critically endangered,,,8000,"Andreas Wetter, Ethnologue",10.5958,39.9792,
1693,Belanda Bor,belanda bor,belanda bor,Sudan,SDN,bxb,Definitely endangered,De Bor,,8000,Ethnologue,6.4954,27.7404,
1701,Feroge,feroge,feroge,Sudan,SDN,fer,Vulnerable,Kaligi (dialect? Indri),,8000,Ethnologue,8.5049,25.7189,
67,Kanga,kanga,canga,Sudan,SDN,kcp,Severely endangered,,,8000,Ethnologue,10.844,29.4708,
1726,Tingal,tingal,tingal,Sudan,SDN,tie,Definitely endangered,Kajaja,,8000,Ethnolgue,12.238,31.1215,
1318,Pana,pana,pana,Burkina Faso,BFA,png,Definitely endangered,,,7800,Ethnologue,13.165,-3.4277,
91,Burji,burji,buryí,Kenya,KEN,bji,Vulnerable,,,7000,Ethnologue,2.1857,37.9248,
103,Segeju,segeju,daiso,United Republic of Tanzania,TZA,seg,Severely endangered,,,7000,Ethnologue,-4.8173,39.0783,
1739,Yulu,yulu,yulu,"Central African Republic, Democratic Republic of the Congo, Sudan","CAF, ZAI, SDN",yul,Vulnerable,,,7000,Ethnologue,8.3854,24.1754,
1677,Chara,chara,chara,Ethiopia,ETH,cra,Vulnerable,,,6932,"Census, Yvonne Treis",6.479,36.3647,
1676,Bussa,bussa,busa,Ethiopia,ETH,dox,Vulnerable,,,6624,"Census, Ethnologue, Mauro Tosco (ongoing research)",5.7225,37.1406,
1694,Beli,beli,beli,Sudan,SDN,blm,Definitely endangered,,,6600,Ethnologue,6.4736,29.2675,
57,Thuri,thuri,thuri,Sudan,SDN,thu,Vulnerable,,,6600,Abdel Rahim Mugaddam & Gerrit Dimmendaal 2005,8.4397,25.4333,"Southern Sudan between Wau and Aweil, between Jur and Lol rivers, on Raga-Nyamlell road, and on Wau-Deim Zubeir road."
83,Dimme,dime,dimé,Ethiopia,ETH,dim,Vulnerable,,,6501,"Census, Mulugeta Seyoum, Ralf Siebert, Aklilu Yilma",5.9548,36.2988,
1729,Tumtum,tumtum,tumtum,Sudan,SDN,tbr,Severely endangered,,,6500,Abdel Rahim Mugaddam & Gerrit Dimmendaal 2005,10.477,30.4321,
74,Dongotono,dongotono,dongotono,Sudan,SDN,ddd,Vulnerable,,,6219,Ethnologue,4.965,35.321,"Southern Sudan, 
Eastern Equatoria Province, 
Dongotono Hills southeast of Torit."
65,Keiga,keiga,keiga,Sudan,SDN,kec,Severely endangered,,,6072,"C. Stevenson, Ethnologue",11.3184,29.696,
32,Geji cluster,groupe geji,grupo geji,Nigeria,NGA,gji,Severely endangered,,,6000,"Roger Blench, Ethnologue",10.196,9.5581,
1293,Sawkna,sawkna,sokna,Libyan Arab Jamahiriya,LBY,swn,Critically endangered,"Sawknah,  Sokna",,6000,Mainly Second Edition of Atlas and ethnologue.,27.252,17.7539,"According to Ethnologue, the language is spoken in the Tripolitania region."
1301,Bainouk-Gunyaamolo,bainouk-gunyaamolo,bainuko-gunyaamolo,Senegal,SEN,bcz,Vulnerable,,,5635,"Ethnologue, Adjaratou Sall",12.7421,-16.1141,
73,Dilling,dilling,dillingo,Sudan,SDN,dil,Definitely endangered,"Delen, Warki, Warkimbe",,5295,"C. Stevenson, Ethnologue",12.0178,29.663,
72,Lafofa,lafofa,lafofa,Sudan,SDN,laf,Severely endangered,,,5140,"Census, Ethnologue",10.3716,30.6243,
1671,Bambassi,bambassi,bambeshi,Ethiopia,ETH,myf,Definitely endangered,"Bambeshi, Mao",,5000,Michael Ahland (ongoing research),9.7469,34.7662,
123,Dhaiso,dhaiso,daisa,United Republic of Tanzania,TZA,dhs,Definitely endangered,,,5000,Ethnologue (source unclear),-5.0745,38.4741,Bwiti and Magati villages
30,Ilue,ilue,ilue,Nigeria,NGA,ilv,Critically endangered,Idua,,5000,"Roger Blench, Ethnologue",4.9185,8.2397,
117,Kami,kami,kami,United Republic of Tanzania,TZA,kcu,Severely endangered,,,5000,Marlin Petzell ,-6.8937,37.1337,
128,Khwe,khwe,xun,Namibia,NAM,xuu,Definitely endangered,"Kxoe, Barakwena",,5000,Matthias Brenzinger,-18.271,21.4892,"Pointer at centre of settlement area. Spoken at about 60 different settlemants in Caprivi Strip of Namibia, Ngamiland of Botswana, and at Plattfontein near Kimberley in South Africa. Some few Khwe live in the area along the Zambian-Angolan border. Major settlements in Namibia: Mutc'iku (1100), Omega (630), Chetto 590), Omega III (640), in Botswana: Gudigoa (650), Shadikarawe (367), Kaputura (240), Bietc'a (210, Ngarange (140)."
2183,Korandje,korandje,Korandje,Algeria,DZA,kcy,Severely endangered,"Kwarandzie
",,5000,"Recent reports at international conferences Lameen Souag (Communication at Leiden-Bayreuth Berberologie Colloquium and Blog). Ethnologue. Cancel, Lt. 1908. “Etude sur le dialecte de Tabelbala”, Revue Africaine no. 270-271, pp. 302-247
Tilmatine, Mohamed. 1996. “Un parler berbèro-songhay du sud-ouest algérien (Tabelbala): Elements d’histoire et de linguistique”, Etudes et Documents Berbères no. 14, pp. 163-198.
Tilmatine, Mohamed. 1991. “Tabelbala: Eine Songhay Sprachinsel in der algerischen Sahara”, in ed. Daniela Mendel and Ulrike Claudi, Ägypten im afro-orientalischen Kontext: Aufsatze zur Archeologie, Geschichte und Sprache eines unbegrenzten Raumes. Gedenkschrift Peter Behrens. Köln: Universität zu Köln. pp. 377-397.
",29.4049,-3.2605,"Tabelbala, Ksar Sidi Zekri (Kora in Korandje) and Ksar Cheraïa (Ifrenio), as well as Sidi Makhlouf (Yami)."
2454,Moroccan Judeo-Arabic (Morocco),judéo-arabe marocain (Maroc),judeo-árabe marroquí (Marruecos),Morocco,MAR,aju,Severely endangered,"Judeo-Moroccan, Judeo-Arabic",,5000,"H. Zafrani, D. Schroeter, various websites (S.Mezhoud, 2008)
",34.0435,-5.0097,Féz and other urban centres
1689,Afitti,afitti,afitti,Sudan,SDN,aft,Severely endangered,Ditti,,4512,Ethnologue,12.4419,30.7534,
1673,Arbore,arbore,arbore,Ethiopia,ETH,arv,Definitely endangered,,,4441,"Census, Ethnologue, ongoing research by Eshi Gabbert, Anni Peller, Ayalew Gebre, Yukio Miyawaki, Tadesse Wolde 
",5.069,36.892,
58,Ebang,ebang,heibano,Sudan,SDN,hbn,Severely endangered,"Heiban, Abul",,4412,Ethnologue,11.313,30.5886,
1327,Tafi,tafi,tafi,Ghana,GHA,tcd,Vulnerable,Tegbo,,4400,Ethnologue,6.73,0.4421,
1742,Gyele,gyele,guiele,"Cameroon, Equatorial Guinea","CMR, GNQ",gyi,Definitely endangered,,,4280,Ethnologue,2.2241,9.8986,
1744,Bwisi,bwisi,talinga-bwisi,"Congo, Gabon","COG, GAB",bwz,Definitely endangered,,,4248,Ethnologue,-3.5572,11.4477,
1313,Baga Manduri,baga manduri,baga maduri,Guinea,GIN,bmb,Definitely endangered,,,4000,"Tucker Childs, Ethnologue",10.0986,-14.0405,
13,Baga Sitemu,baga sitemou,baga sitemu,Guinea,GIN,bsp,Severely endangered,,,4000,"Tucker Childs, Ethnologue",10.1094,-14.1586,
1441,Taa,taa,engamaní,Botswana,BWA,nmn,Definitely endangered,"!Xoon, Xóõ, West-!Xóõ = Nambian Taa, East-!Xóõ = Botswanan Taa",,4000,"Christfried Naumann (p.c.), Tom Güldemann (p.c.)",-24.1367,20.1049,"Pointer at centre of settlment area, Botswana (3500?) and Namibia (500)."
54,Tennet,tennet,tenet,Sudan,SDN,tex,Vulnerable,,,4000,Ethnologue,4.8611,33.2226,"Lopit Hills, northeast of Torit, 5 villages"
717,Zenaga (Mauritania),zenaga (Mauritanie),zenaga  (Mauritania),Mauritania,MRT,zen,Severely endangered,"ًZenaga.As a member of the Berber group, it is currently referred to under the generic term Tamazight, mainly by Tamazight speakers outside the country.",,4000,"No reliable figures are available and estimates are hard to establish. The level of endangerment is based on published studies and  local sources. 
The location  is based on recent data by Mauritanian and other linguists.
(Kamal Naït-Zerrad, Catherine Taine-Cheikh))",17.3086,-13.0078,"Berber is spoken in the Trarza region, mainly in the vicinity of Rkiz but also Boutilimit  and Mederdra and near the border with Senegal."
1323,Konni,koma,konni,Ghana,GHA,kma,Vulnerable,"Koma, Komung",,3800,Ethnologue,10.3311,-1.6973,
1727,Tocho,tocho,tocho,Sudan,SDN,taz,Severely endangered,Tacho,,3800,Ethnologue,10.8764,30.1135,
85,Nayi,nayi,nayí,Ethiopia,ETH,noz,Vulnerable,Na'o,,3656,Census,7.2698,36.1724,
1737,Narim,narim,longarim,Sudan,SDN,loh,Definitely endangered,"Larim, Longarim",,3623,"Fukui, Ethnologue",4.9048,34.2224,
1716,Nding,nding,nding,Sudan,SDN,eli,Critically endangered,Eliri,,3513,"Census, 
Ethnologue, 
Abdel Rahim Mugaddam & Gerrit Dimmendaal 2005",10.4121,30.6024,
1720,Shwai,shwai,chirumba,Sudan,SDN,shw,Critically endangered,"Shuway, Cwaya",,3500,Ethnologue,11.3184,30.4156,"Shwai Hills, northwest of Otoro near Heiban-Kadugli road."
1393,Bakpinka,bakpinka,bakpinka,Nigeria,NGA,bbs,Critically endangered,,,3416,"Ethnologue, Roger Blench",5.3644,8.2397,
1736,Morokodo,morokodo,morocodo,Sudan,SDN,mgc,Severely endangered,Ma'di,,3400,"Voegelin & Voegelin, Ethnologue",6.0313,29.7949,
1311,Menik,ménik,budik,Senegal,SEN,tnr,Definitely endangered,"Budik, Tenda, Bande",,3375,Adjaratou Sall,12.7528,-12.2717,
1725,Tima,tima,tima,Sudan,SDN,tms,Severely endangered,,,3305,Ethnologue,11.7033,29.1934,
1679,Mursi,mursi,mursi,Ethiopia,ETH,muz,Vulnerable,,,3278,"Census, survey by Gerrit Dimmendaal",5.5831,36.5075,
5,Awjila,awjila,auyila,Libyan Arab Jamahiriya,LBY,auj,Severely endangered,"Aougila, Awjilah, Aujila, Aoudjila, Augila",,3000,"Mainly internet-based sources. Most female Awilja speakers are said to be still monolingual, while males are bilingual (Arabic).",26.6278,24.5214,"Awjila is spoken in the Oasis of Awjila form which it derives its name.It is also spoken in Cyrenaica, eastern Libya, "
1743,Benga,benga,benga,"Gabon, Equatorial Guinea","GAB, GNQ",bng,Definitely endangered,,,3000,Ethnologue,0.9997,9.8657,
99,Boni,boni,boni,Kenya,KEN,bob,Definitely endangered,"Aweera, Waata, Sanye

",,3000,Bernd Heine,-0.8294,40.8142,Somalia-Kenyan border area. 
1664,Bonjo,bonjo,bonjo,Congo,COG,bok,Severely endangered,,,3000,Bruce Cornell 2007,1.7712,17.9598,
25,Fyem,fyem,fyam,Nigeria,NGA,pym,Severely endangered,,,3000,"Roger Blench, Ethnologue",9.6332,8.8632,
1382,Gura,gura,gura,Nigeria,NGA,gvm,Severely endangered,Gurmana,,3000,"Roger Blench, Ethnologue ",10.075,6.8499,
77,Hozo,hozo,hozo-seco,Ethiopia,ETH,hoz,Definitely endangered,Begi-Mao,,3000,Ethnologue,9.3352,34.53,
1322,Kamara,kamara,kamara,Ghana,GHA,jmr,Definitely endangered,Hanga,,3000,Ethnologue,9.0858,-2.2576,
1408,Kuk,kuk,kuk,Cameroon,CMR,kfm,Definitely endangered,,,3000,Ethnologue,6.4326,10.2365,
1312,Pukur,pukur,baga de Binari,Guinea,GIN,bcg,Definitely endangered,Baga Binari,,3000,"Tucker Childs, Ethnologue",10.4013,-14.4799,
69,Ko,ko,ko,Sudan,SDN,fuj,Critically endangered,,,2683,"C. Stevenson, Ethnologue",10.6714,30.8386,
127,Bolo,bolo,bolo,Angola,ANG,blv,Definitely endangered,,,2627,Ethnologue,-10.5526,14.9633,
1714,Logol,logol,logol,Sudan,SDN,lof,Severely endangered,Lukha,,2600,Abdel Rahim Mugaddam & Gerrit Dimmendaal 2005,10.8521,30.6463,
1691,Bai,bai,bai,Sudan,SDN,bdj,Definitely endangered,Bari,,2500,"Welmers, 
Ethnologue",8.0592,25.5102," Southern Sudan,
 Western District, on Wau-Deim Zubeir road, west of Sere. 
A few north of Tembura. 2 villages"
1477,Banka,banka,banka,Mali,MLI,bxw,Definitely endangered,Bankagooma,,2500,"Ethnologue, 
Roger Blench",11.4261,-5.6744,
1636,Gadang,gadang,gadango,Chad,TCD,gdk,Definitely endangered,,,2500,Ethnologue,10.3473,17.2485,
1641,Zirenkel,zirenkel,zirenkel,Chad,TCD,zrn,Definitely endangered,,,2500,Ethnologue,12.136,18.4735,
50,Vumbu,vumba,vumbu,Gabon,GAB,vum,Definitely endangered,,,2460,Ethnologue,-1.8783,10.816,
1749,Yasa,yasa,yasa,"Cameroon, Equatorial Guinea","CMR, GNQ",yko,Definitely endangered,,,2401,Ethnologue,2.3284,9.8464,
1640,Jaya,jaya,yaya,Chad,TCD,jyy,Severely endangered,,,2200,Ethnologue,12.187,18.1645,
1650,Kulfa,koulfa,kulfa,Chad,TCD,kxj,Definitely endangered,,,2200,Ethnologue,9.9742,19.1848,
81,Bayso,bayso,bayso,Ethiopia,ETH,bsw,Definitely endangered,,,2000,Matthias Brenzinger,6.4081,37.749,
1388,Duguza,duguza,duguza,Nigeria,NGA,dza,Definitely endangered,,,2000,Ethnologue,9.9039,9.1186,
80,Gats'ama - Ganjule - Harro,harro,gatsama - ganjule - harro,Ethiopia,ETH,kcx,Definitely endangered,"Gats'ame and Ganjule are dialects of the one language, including Harro",,2000,"Matthias Brenzinger, research on Harro by Hirut Woldemariam",5.9548,37.5292,
1290,Ghadames,ghadamès,gadamés,Libyan Arab Jamahiriya,LBY,gha,Vulnerable,,,2000,,30.1166,9.5251,The language is spoken in a small oasis near the Algerian-Tunisian border.
107,Ik,ik,ik,Uganda,UGA,ikx,Severely endangered,Teuso,,2000,"Bernd Heine, Christa König",3.5024,34.1894,
1390,Kona,kona,jukun kona,Nigeria,NGA,juo,Severely endangered,Jiba,,2000,"Roger Blench, Ethnologue",9.0587,11.2829,
61,Logorik,logorik,logori,Sudan,SDN,liu,Critically endangered,Liguri,,2000,"Welmers, Ethnologue",11.1433,29.8306,
1633,Mambai,mambay,mambai,Chad,TCD,mcs,Severely endangered,,,2000,Ethnologue,9.6007,14.0899,
47,Sarwa,sarwa,sarwa,Chad,TCD,swy,Definitely endangered,Sarua,,2000,Ethnologue,10.5958,17.0397,
2,Tamazight (Arzew),tamazight (Arzew),tamazight (Arzew),Algeria,DZA,rif,Critically endangered,,,2000,Local sources,35.5869,-0.4737,South of Oran and the Bay of Arzew
1748,Tchitchege,tchitchege,tchitchege,Gabon,GAB,tck,Definitely endangered,,,2000,Ethnologue,-1.8508,13.612,
1662,Ukhwejo,ukhwejo,ukhwejo,Central African Republic,CAF,ukh,Severely endangered,Benkonjo,,2000,Ethnologue,3.3626,16.0565,
1654,Kendeje,kedendje,kendeye,Chad,TCD,klf,Definitely endangered,,,1859,Ethnologue,13.6299,21.5771,
1328,Tchumbuli,tchumbuli,tchumbuli,Benin,BEN,bga,Critically endangered,Basa,,1838,Roger Blench,8.7113,2.1533,
1407,Kung,kung,cungo,Cameroon,CMR,kfl,Severely endangered,,,1750,Ethnologue,6.5227,10.1074,
1467,Bainouk-Samik,bainouk-samik,bainuko-samik,Senegal,SEN,bcb,Severely endangered,,,1685,"Ethnologue, Adjaratou Sall",12.5733,-16.2652,
2059,Tamazight (Ait Rouadi),tamazight (Ait Rouadi),tamazight (Ait Rouadi),Morocco,MAR,rif,Extinct,"Tamazight, Tachelhit, Berber",,1637,"Field investigation
Said BENNIS  2006: ""Contact de langues et de populations au Maroc : entre idéal linguistique et idéal identitaire. Cas de la plaine du Tadla"". Doctorat  d'Etat, Université Mohammed V, Faculté des Lettres et des Sciences Humaines de Rabat.",32.5745,-5.9655,"Semguet et Guettaya centers of  Kasbat Tadla 28 km away from the city of Beni Mellal. The main region is known as Tadla Azilal Region no 12 on the Moroccan administrative map.
"
1377,ǁGana,ǁgana,ganakue,Botswana,BWA,gnk,Vulnerable,,,1550,Junko Maruyama (p.c.),-21.7824,21.8971,"Pointer in centre of settlement region. Main //Gana settlements Kxoensakere (New Xade) (550),  Kaudwane (150), Someto (100), Xere (100). Some scattered on farms."
15,Jeri,jeri kuo,jeri,Côte d'Ivoire,CIV,jek,Severely endangered,Jeri Kuo,,1500,Raimund Kastenholz,9.2647,-5.8666,
1645,Jonkor Bourmataguil,djonkor de Bourmataguil,jonjor,Chad,TCD,jeu,Severely endangered,,,1500,Ethnologue,11.4261,19.0145,
90,K'emant,k'emant,kemant,Ethiopia,ETH,ahg,Severely endangered,"Kimanteney, Qimant",,1500,Zelealem Leyew,12.9349,37.2326,
1412,Kendem,kendem,kendem,Cameroon,CMR,kvm,Severely endangered,,,1500,Ethnologue,5.7061,9.6377,
1722,Talodi,talodi,talodí,Sudan,SDN,tlo,Critically endangered,"Jomang, Gajomang",,1500,Ethnologue,10.6902,30.3964,"Talodi town and hill, including the villages of Tasomi and Tata"
1661,Ngombe,ngombé,engombé,Central African Republic,CAF,nmj,Definitely endangered,,,1450,Ethnologue,3.9492,15.2352,
1724,Tese,tese,tese,Sudan,SDN,keg,Critically endangered,"Keiga Jirru, Keiga Girru",,1400,"Welmers, Ethnologue",11.2161,29.8471,"Nuba Hills, Keiga Jirru west of Debri, and in 6 villages, northeast of Kadugli"
1646,Saba,saba,saba,Chad,TCD,saa,Definitely endangered,Jelkung,,1335,Ethnologue,11.1487,18.0175,
1634,Besme,besme,besme,Chad,TCD,bes,Severely endangered,"Huner, Hounar, Bodor",,1228,Ethnologue,9.6386,16.018,
1649,Fania,fania,fanya,Chad,TCD,fni,Severely endangered,,,1100,Ethnologue,10.0581,18.3993,
1642,Ubi,oubi,ubi,Chad,TCD,ubi,Severely endangered,,,1100,Ethnologue,12.1534,18.6946,
1731,Warnang,warnang,warnango,Sudan,SDN,wrn,Severely endangered,Werni,,1100,"Census, Ethnologue",10.6538,30.6298,
113,Beeke,beeke,beeke,Democratic Republic of the Congo,ZAI,bkf,Severely endangered,,,1000,"Bruce Connell, Ethnologue",0.9997,28.7951,
95,Bong'om,bong'om,bong'om,Kenya,KEN,spy,Definitely endangered,,,1000,,1.1315,35.0134,Near the Ugandan-Kenyan border.
1698,Dair,dair,dair,Sudan,SDN,drb,Severely endangered,Thaminyi,,1000,Ethnologue,12.517,30.5914,
1320,Ega,ega,ega,Côte d'Ivoire,CIV,ega,Severely endangered,,,1000,Bruce Connell/ Roger Blench,5.8018,-5.4492,
75,El Hugeirat,el hugeirat,el hugeirat,Sudan,SDN,elh,Severely endangered,,,1000,Abdel Rahim Mugaddam & Gerrit Dimmendaal 2005,12.3131,28.4243,
1657,Fongoro,fongoro,fongoro,Chad,TCD,fgr,Severely endangered,"Gele, Kole",,1000,"Doornbos & Bender 1983, Ethnologue",11.1029,22.7197,
1383,Gyem,gyem,gyem,Nigeria,NGA,gye,Critically endangered,Gyam,,1000,"Roger Blench, Ethnologue",10.3865,9.3122,
1410,Iyive,iyive,iyive,Cameroon,CMR,uiv,Severely endangered,,,1000,Ethnologue,6.4354,9.5278,
49,Kaande,kaande,kande,Gabon,GAB,kbs,Severely endangered,,,1000,Ethnologue,-0.1318,11.8103,
112,Kari,kari,carí,Democratic Republic of the Congo,ZAI,kbj,Severely endangered,,,1000,Ethnologue,4.8392,25.5432,
1656,Kujarge,kujarge,kujarke,Chad,TCD,vkj,Definitely endangered,,,1000,"Bender 1983, Ethnologue",11.749,22.2431,
1746,Mahongwe,mahongwe,mahongüe,Gabon,GAB,mhb,Severely endangered,,,1000,Bruce Connell,1.0216,13.9031,
48,Mbara,mbara,mbara,Chad,TCD,mpk,Severely endangered,,,1000,"Tourneaux, Ethnologue",10.8009,15.6335,
1745,Sake,saké,sake,Gabon,GAB,sak,Severely endangered,,,1000,Bruce Connell,-0.0247,11.7691,
1747,Sighu,sighu,sighu,Gabon,GAB,sxe,Severely endangered,,,1000,Bruce Connell,-0.0549,13.5461,
1740,Tirma,tirma,tirma,Sudan,SDN,suq,Critically endangered,,,1000,Abdel Rahim Mugaddam & Gerrit Dimmendaal 2005,6.4899,34.3212,
1414,Tuotomb,tuotomb,tuotombo,Cameroon,CMR,ttf,Severely endangered,,,1000,Ethnologue,4.4449,10.371,
84,Zay,zay,zaisé,Ethiopia,ETH,zwa,Severely endangered,Zway,,1000,Zelealem Leyew,8.0728,38.8476,
2190,Zenaga (Western Sahara),zenaga (Sahara occidental),zenaga (Sáhara Occidental),Western Sahara,ESH,zen,Critically endangered,"Tamazight
Current usage refers to Zenaga as Tamazight",,1000,Local reports,22.2687,-13.7109,Probably along the Mauritanian border
1376,|Gui,|gui,güikue,Botswana,BWA,gwj,Vulnerable,G/wi,,1000,Hirosi Nakagawa (p.c.),-21.8385,21.7858,"Pointer at main settlement New Xade (900), others Khekhenye (less than 100), Kageae (20), and Kaotoane daane (12)."
1396,ǁAni,ǁani,handá,Botswana,BWA,hnh,Definitely endangered,,,1000,Matthias Brenzinger,-18.6462,22.1319,Settlements along the Okavango delta panhandle.
114,Hadza,hadza,hadza,United Republic of Tanzania,TZA,hts,Vulnerable,,,975,"Frank Marlowe p.c., Kirk Miller p.c., Bonny Sands",-3.401,35.3897,Mang'ola is the northernmost and linguistically most isolated Hadza area.
1395,Hya,hya,hya,"Cameroon, Nigeria","CMR, NGA",hya,Severely endangered,,,940,Ethnologue,10.3311,13.5269,
1419,Kua,kua,macua,Botswana,BWA,tyu,Definitely endangered,"Cua, Tyua, Tsua, Tshoa",,900,Andrew Chebanne (p.c.),-22.7106,26.4605,"Two settlements, one east of Serowe (550) and south-east of Serowe (350)."
1741,Njalgulgule,njalgulgule,nyalgulgule,Sudan,SDN,njl,Severely endangered,"Bege, Beko, Nyolge",,900,"Voegelin & Voegelin, Ethnologue",8.4452,25.3015,
33,Bati,bati,bati,Cameroon,CMR,btc,Severely endangered,,,800,"Census, Ethnologue",4.2012,10.7858,
1411,Eman,eman,emán,Cameroon,CMR,emn,Severely endangered,,,800,Ethnologue,6.0531,9.7338,
34,Isu,isu,isu,Cameroon,CMR,szv,Severely endangered,Isuwu,,800,Ethnologue,4.0094,9.5745,
1416,Nubaca,nubaca,nubaca,Cameroon,CMR,baf,Severely endangered,,,800,Ethnologue,4.2971,10.7446,
1639,Laal,laal,laal,Chad,TCD,gdm,Critically endangered,Gori,,749,Ethnologue,9.9607,17.6083,
46,Maslam,maslam,maslam,"Cameroon, Chad","CMR, TCD",msv,Severely endangered,Maltam,,723,Ethnologue,12.136,14.6914,
18,Animere,animere,animere,Ghana,GHA,anf,Critically endangered,Kunda,,700,Ethnologue,7.6129,0.4064,
1703,Indri,indri,Indri,Sudan,SDN,idr,Severely endangered,"Yanderika, Yandirika

Close to Feroge.",,700,Ethnologue,8.4397,25.5926,"Southern Sudan, southwest, in a small area around Raga"
1308,Kasanga,kasanga,kasanga,Guinea-Bissau,GNB,ccj,Critically endangered,Haal,,650,"Ethnologue, Tucker Childs",12.2702,-16.1553,
1402,Akum,akum,akum,"Cameroon, Nigeria","CMR, NGA",aku,Critically endangered,,,600,Bruce Connell,6.73,9.9316,
1418,Bubia,bubia,bubia,Cameroon,CMR,bbx,Severely endangered,,,600,Voegelin & Voegelin 1977,4.0204,9.2037,
1648,Koke,koké,koke,Chad,TCD,kou,Severely endangered,,,600,Ethnologue,10.8575,18.1315,
1734,Mo'da,mo'da,moda,Sudan,SDN,gbn,Critically endangered,"Gberi, Gweri, Gbara, Muda",,600,"Voegelin & Voegelin, Ethnologue",6.5008,29.9377,"Southern Sudan, northwest of Mvolo on both sides of the border of Lakes and Western Equatoria provinces."
1660,Geme,gemé,gueme,Central African Republic,CAF,geq,Critically endangered,Jeme,,550,Ethnologue,8.4941,20.6378,
1294,Imeraguen,imeraguen,imeraguén,Mauritania,MRT,ime,Definitely endangered,imraguen,,534,The information is based on published references and the Ethnologue site. There is still a need for fieldwork research in the area  and in the mauritanian society at large for the verification of the information.. ,18.9166,-15.996,"The language is used  in the region near Nouakchout, the area stretching from Cape Timiris to Nouadhibou The language is a combination of a variety of Hassaniyya  with an Azer (Soninke) base. The language is mainly associated with the Oulad Bou Sba who are reported to be remnants of the Bafours."
86,Anfillo,anfillo,anfillo,Ethiopia,ETH,myo,Critically endangered,,,500,"Moges, ongoing research by Debela Goshu. ",8.5049,34.7415,
1404,Langa,langa,langa,Cameroon,CMR,,Severely endangered,,,500,Bruce Connell 2007,6.5404,11.6427,
1394,Majera,majera,mayera,Cameroon,CMR,xmj,Critically endangered,,,500,Ethnologue,11.3231,14.9839,
1299,Mlomp,mlomp,mlomp,Senegal,SEN,mlo,Critically endangered,,,500,"Tucker Childs, Adjaratou Sall",12.7421,-16.4904,
1644,Tamki,temki,tamki,Chad,TCD,tax,Critically endangered,,,500,Ethnologue,11.48,18.2125,
1292,Tunisian Judeo-Arabic (Tunisia),judéo-arabe tunisien (Tunisie),judeo-árabe tunecino (Túnez),Tunisia,TUN,ajt,Critically endangered,l'arabe des juifs tunisiens,,500,"Earlier and best description@ David Cohen.
Recent references used by Ethnologue mainly Mutzafi, but not necessarily reliable for data outside Israel.
",33.8795,10.0634,Spoken mainly in Tunis. The other jewish community of Tunisia is in Djerba where the language is Tamazight (Djerbi)
64,Boguru,boguru,boguru,"Democratic Republic of the Congo, Sudan","ZAI, SDN",bqu,Critically endangered,,,494,Ethnologue,4.3902,29.2016,
1730,Wali,wali,wali,Sudan,SDN,wll,Critically endangered,Walari,,487,"Voegelin & Voegelin, Ethnologue",11.9372,29.3005,
82,Shabo,shabo,shabo,Ethiopia,ETH,sbf,Severely endangered,,,450,"Peter Unseth, Matthias Brenzinger",7.327,35.2935,
1403,Beezen,beezen,beezen,Cameroon,CMR,bnz,Severely endangered,,,400,Bruce Connell,6.7518,10.0744,
66,Buga,buga,mangayat,Sudan,SDN,myj,Critically endangered,Mangayat,,400,Ethnologue,8.2495,25.7574,
10,Cobiana,kobiana,kobiana,"Guinea-Bissau, Senegal","GNB, SEN",kcj,Critically endangered,Buy,,400,"Adjaratou Sall, Tucker Childs",12.4017,-16.3229,Also spoken in Guinea-Bissau.
101,Dahalo,dahalo,sanye,Kenya,KEN,dal,Severely endangered,,,400,"Mauro Tosco, Ed Elderkin",-2.2625,40.7537,Near of the mouth of the Tana river.
1415,Hijuk,hijuk,hijuk,Cameroon,CMR,hij,Critically endangered,,,400,Ethnologue,4.2861,10.4919,
1392,Ndunda,ndunda,ndunda,Nigeria,NGA,nuh,Severely endangered,,,400,Roger Blench,6.9482,10.9698,
1409,Ts'ixa,ts'ixa,ts'ixa,Botswana,BWA,,Definitely endangered,Belongs to the Shua-Tshwa cluster.,,390,Andrew Chebanne (p.c.),-18.9894,23.692,"Main settlement is Mababe (pointer) with about 300 spekers, some 80 live in a settlement east of Maun."
1682,Opuuo,opuo,opúo,Ethiopia,ETH,lgn,Critically endangered,Opo-Shita,,307,"census, Yvonne Treis",8.3202,33.8873,
1690,Aka,aka,aka,India,IND,soh,Critically endangered,Jebel Sillok,,300,"Bender, Ethnologue",11.0112,34.2333,
1417,Bakole,bakole,bakole,Cameroon,CMR,kme,Critically endangered,,,300,Ethnologue,4.5764,8.8439,
14,Mani,mani,mani,"Guinea, Sierra Leone","GIN, SLE",buy,Critically endangered,"Mmani Bullom, Bullom So",,300,"Tucker Childs, Ethnologue",9.1129,-13.2165,
1397,Mono,mono,mon-non,Cameroon,CMR,mnr,Critically endangered,,,300,Ethnologue,8.6679,14.1723,
1637,Miltu,miltou,miltú,Chad,TCD,mlj,Critically endangered,,,272,Ethnologue,10.2149,17.3913,
1420,Danisi,danisi,danisa,Botswana,BWA,shg,Critically endangered,Language belonging to the Shua-Tshwa cluster.,,220,Andrew Chebanne (p.c.),-19.4769,25.2136,Pointer at main settlement.
1688,Aja,aja,aja,Sudan,SDN,aja,Critically endangered,Adja,,200,Ethnologue,8.6136,25.2465,
51,Birri,birri,birri,Central African Republic,CAF,bvq,Critically endangered,Viri,,200,Ethnologue,5.4902,26.8505,
29,Defaka,defaka,defaka,Nigeria,NGA,afn,Critically endangered,Afakani,,200,Roger Blench,4.538,7.5311,
1683,Karo,karo,karo,Ethiopia,ETH,kxh,Critically endangered,,,200,Moges Yigezu,5.2003,36.0681,
1732,Kelo,kelo,kelo,Sudan,SDN,xel,Critically endangered,"Tornasi, Kelo-Beni Sheko, Ndu-Faa-Keelo",,200,"M.L.Bender, Ethnologue",9.4463,34.0219,
102,Ongamo,ongamo,ngasa,Kenya,KEN,nsg,Critically endangered,Nagza,,200,Christoph Winter,-2.932,37.4853,"Along the Tanzanian-Kenyan border, next to the Kilimanjaro."
1406,|Xaise,|xaise,|xaise,Botswana,BWA,shg,Critically endangered,Language belonging to the Shua-Tshwa cluster.,,200,Andrew Chebanne (p.c.),-21.2458,26.1776,Pointer at settlement.
1413,Dimbong,dimbong,dimbongo,Cameroon,CMR,dii,Critically endangered,,,140,,4.7078,10.6567,
1401,ǂHoa,ǂhoa,|hua-owani,Botswana,BWA,huc,Critically endangered,"ǂHõã, Eastern ǂHõã",,140,Kemmonye Monaka (p.c.),-24.1668,24.4885,Pointer in geographic centre of settlement area.
79,Kwegu,kwegu,kwegu,Ethiopia,ETH,xwg,Critically endangered,Koegu,,103,"Census, Gerrit Dimmendaal, Osamu Hieda ",5.4191,36.0791,
1638,Boor,boor,boor,Chad,TCD,bvf,Critically endangered,,,100,Ethnologue,10.2149,17.3721,
1387,Dulbu,dulbu,dulbu,Nigeria,NGA,dbo,Critically endangered,,,100,Roger Blench,9.985,10.0579,
512,Ghomara,ghomara,ghomara,Morocco,MAR,gho,Critically endangered,"Gomera, Ghmara,",,100,"Peter Behnstedt ""La frontera entre el bereber y el Arabe en el Rif"", Estudios de dialectologia norteafricana y andalusa vol. 6, 2002'
reports that it is not extinct; and that it is spoken in at least the douar of of Amtiqan and its immediate neighbourhood, just west of Oued Ouringa However, it is spoken by only a small minority of the Ghomara; recent and ongoing work has confirmed that Ghomara is still spoken; a more accurate picture of its degree of endangerment may soon emerge.",35.0108,-5.5151,"Located in northern Morocco, between the rivers Oued Laou and Ouringa, north ofChefchaouen and south of Tetouan, just east of the Rif."
1385,Jilbe,jilbe,yilbe,Nigeria,NGA,jie,Critically endangered,Zoulbou,,100,"Roger  Blench, H. Tourneaux, Ethnologue",11.749,14.5458,
28,Kiong,kiong,kiong,Nigeria,NGA,kkm,Critically endangered,Akayon,,100,"Roger Blench, Ethnologue",5.2906,8.3523,
1735,Molo,molo,molo,Sudan,SDN,zmo,Critically endangered,"Malkan, Tura-Ka-Molo",,100,"M.L.Bender, Ethnologue",10.898,34.2773,
1391,Mvanip,mvanip,mvanip,Nigeria,NGA,mcj,Critically endangered,,,100,Roger Blench,6.7027,11.2225,
2191,Nemadi,nemadi,nemadí,Mauritania,MRT,,Critically endangered,,,100,"Robert Arnaud, 1906. ""Chasseurs et pêcheurs du Tagant et du Hodh"", in La Géographie, vol. 16; Capt. Diégo Brosset 1932, ""Les Némadi"", in Bulletin de l'Afrique de l'Ouest Française; Sid Ahmad Lamine ech-Chinguetti 1911. Kitab al-Wasît. Cairo; Raymond Chudeau 1913. ""Peuples du sahara central et occidental"", in l’Anthropologie;  Capt. P. H. Fondacci 1945. ""Les Némadis"" (Mémoire du CHEAM n° 1009); Jean Gabus 1951. ""Contribution à l’étude des Némadis"", in Bull. Soc. Suisse d’ Anthropologie-Neuchâtel; Alfred G. Gerteiny 1967, Mauritania. Frederic A. Praeger Jean-Michel Hermans, Les NEMADIS, chasseurs-cueilleurs du désert mauritanien.
",18.4118,-9.4482,Around Tichit in the province of  Tagant
106,Soo,soo,tepes,Uganda,UGA,teu,Critically endangered,"So, Tepeth, Tepes",,100,"Eithne Carlin, 1993 The So language. (AMO2) University of Cologne.",2.161,34.5986,
20,Yangkam,yangkam,bachirí,Nigeria,NGA,bsx,Critically endangered,Bashar,,100,"Roger Blench, Ethnologue",9.1048,9.8904,
1442,Xiri,xiri,ziri,South Africa,ZAF,xii,Critically endangered,Cape Hottentot variant?,,87,Ethnologue,-31.3924,21.0498,no location mentioned in Ethnologue
98,Omotik,omotik,omótico,Kenya,KEN,omt,Critically endangered,Laamoot,,50,"Franz Rottland, Ethnologue",-1.115,35.9143,
22,Kudu-Camo,kudu-camo,kuda-chamo,Nigeria,NGA,kov,Critically endangered,"Kudu, Camo",,42,"Roger Blench, Bross, Ethnologue",11.0166,8.8879,
1652,Noy,noy,noy,Chad,TCD,noy,Critically endangered,,,36,Ethnologue,8.9312,17.8829,
36,Cambap,cambap,cambap,Cameroon,CMR,twn,Critically endangered,Twendi,,30,Bruce Connell 2007,6.4872,11.802,
1635,Goundo,goundo,gundo,Chad,TCD,goy,Critically endangered,,,30,Ethnologue,9.4761,16.2652,
45,Zumaya,zumaya,zumaya,Cameroon,CMR,zuy,Critically endangered,,,25,Ethnologue,10.5323,14.3591,
1315,Bom,bom,bom,Sierra Leone,SLE,bmf,Severely endangered,,,20,Tucker Childs,7.3188,-11.9915,
1316,Kim,kim,krim,Sierra Leone,SLE,krm,Critically endangered,Krim,,20,Tucker Childs,7.2425,-11.9476,
23,Somyev,somyewe,somieve,"Cameroon, Nigeria","CMR, NGA",kgt,Critically endangered,Somyewe,,20,"Bruce Connell, Roger Blench",6.9318,11.5136,
115,Gweno,gweno,gweno,United Republic of Tanzania,TZA,gwe,Critically endangered,,,10,"Christoph Winter, Matthias Brenzinger",-3.7135,37.6501,
1655,Massalat,massalat,massalat,Chad,TCD,mdg,Critically endangered,,,10,"Roger Blench, Ethnologue",12.7635,20.5993,
110,Ngbinda,ngbinda,ngbinda,Democratic Republic of the Congo,ZAI,nbd,Critically endangered,,,10,Ethnologue,4.6092,27.0812,
78,Ongota,ongota,birale,Ethiopia,ETH,bxe,Critically endangered,Birale,,8,"Graziano Savà, Mauro Tosco, Aklilu Yilma, Harold Fleming",5.3207,37.2244,
1400,Busuu,busuu,busú,Cameroon,CMR,bju,Critically endangered,,,8,"R. Breton, Bruce Connell 2007",6.8282,10.1087,
132,N|uu,n|uu,engukí,South Africa,ZAF,ngh,Critically endangered,"Ŋǀuu, ǂKhomani",,8,"Alena Witzlack-Makarevich (p.c.), Mats Exter (p.c.)",-28.5169,21.4453,"4 speakers in the Upington area (pointer), 1 in Oifantshoek area, 3 in Andriesvale-Witdraai area. Rumors about two possible speakers in Khwa."
133,Korana,korana,korana,South Africa,ZAF,kqz,Critically endangered,"!Ora, !Kora, Gri",,6,Levi Namaseb,-26.9352,24.1254,
40,Ndai,ndai,ndai,Cameroon,CMR,gke,Critically endangered,,,5,Ethnologue,8.399,14.1641,
38,Njerep,njerep,ñerup,Cameroon,CMR,,Critically endangered,,,4,Bruce Connell,6.4572,11.2884,
44,Baldemu,baldamou,baldamu,Cameroon,CMR,bdn,Critically endangered,Baldamu,,3,Ethnologue,10.5742,14.5623,
37,Bung,bung,bung,Cameroon,CMR,bqd,Critically endangered,,,3,Bruce Connell 2007,6.5718,11.8267,
1643,Mabiri,mabire,mabiri,Chad,TCD,muj,Critically endangered,,,3,Ethnologue,12.1682,18.7275,
26,Luri,luri,lurí,Nigeria,NGA,ldd,Critically endangered,,,2,Roger Blench,9.9255,9.5965,
1389,Sambe,sambe,sambe,Nigeria,NGA,,Critically endangered,,,2,Roger Blench,8.6027,8.3825,
1398,Bikya,bikya,bikya,Cameroon,CMR,byb,Critically endangered,,,1,"R. Breton, Bruce Connell 2007",6.8309,10.0277,
1399,Bishuo,bishuo,bishuo,Cameroon,CMR,bwh,Critically endangered,,,1,"R. Breton, Bruce Connell 2007",6.9032,10.0991,
1444,!Gan!ne,!gan!ne,!gan!ne,South Africa,ZAF,kqu,Extinct,"!Gã!ne, Seroa, related to //Ku //'e",,0,Anthony Traill,-31.3911,26.6748,
116,Aasax,aasax,aasáx,United Republic of Tanzania,TZA,aas,Extinct,Asa,,0,Maarten Mous,-5.1948,37.738,
12,Baga Kalem,baga kaloum,baga kalem,Guinea,GIN,,Extinct,,,0,Tucker Childs,10.4013,-14.3151,
9,Baga Mboteni,baga mboteni,baga emboteni,Guinea,GIN,bgm,Critically endangered,,,0,Tucker Childs,10.7415,-14.5513,
1692,Baygo,baygo,baygo,Sudan,SDN,byg,Extinct,Beygo,,0,Ethnologue,11.7436,24.6423,
1653,Berakou,berakou,babalia,Chad,TCD,bxv,Extinct,,,0,Ethnologue,12.8492,15.032,
1695,Berti,berti,berti,Sudan,SDN,byt,Extinct,,,0,Ethnologue,14.6898,25.9524,
53,Birgid,birgid,birked,Sudan,SDN,brk,Extinct,Birkit,,0,Ethnologue,14.8598,25.0103,
17,Boro,boro,karaboro,"Ethiopia, Togo","ETH, TGO",,Extinct,,,0,Roger Blench,8.6244,0.6262,
135,Cape Khoekhoe,khoekhoe du Cap,nama,South Africa,ZAF,naq,Extinct,Cape Hottentot,,0,Wilfried Haacke (p.c.),-34.4522,19.7314,
8,Coptic,copte,copto,Egypt,EGY,cop,Extinct,Neo-Egyptian,,0,Ethnologue and 2nd  edition data,26.8915,29.0959,"Liturgical language of the Coptic Church, Bohairic dialect. No first-language speakers; it probably became extinct in the 17th century. Coptic is still taught in churches and it is claimed that there may be speakers with at least near native competency."
129,Deti,deti,cuengo deti,Botswana,BWA,shg,Extinct,Language belonging to the Shua-Tshwa cluster.,,0,Andrew Chebanne (p.c.),-20.9614,24.461,Pointer at settlement of previous Deti speakers.
41,Duli,duli,duli,Cameroon,CMR,duz,Extinct,,,0,Ethnologue,9.3813,13.5708,
56,Eliri,eliri,nding,Sudan,SDN,eli,Severely endangered,,,0,,4.5706,30.858,
92,Elmolo,elmolo,emolo,Kenya,KEN,elo,Extinct,,,0,Bernd Heine,2.7212,36.7326,
1321,Eotile,éotilé,beti,Côte d'Ivoire,CIV,eot,Extinct,Beti,,0,Roger Blench,5.2495,-3.3233,
89,Gafat,gafat,gafat,Ethiopia,ETH,gft,Extinct,,,0,Moges Yilma,10.6768,35.8264,
1687,Ge'ez,Ge'ez,gueez,Ethiopia,ETH,gez,Extinct,,,0,,8.9936,38.7597,
42,Gey,gey,gueve,Cameroon,CMR,guv,Extinct,,,0,Ethnologue,9.384,13.5296,
68,Gule,gule,gule,Sudan,SDN,gly,Extinct,,,0,Ethnologue,10.0986,34.1235,
59,Homa,homa,homa,Sudan,SDN,hom,Extinct,,,0,Ethnologue,5.5011,27.3779,
1651,Horo,horo,horo,Chad,TCD,hor,Extinct,,,0,Ethnologue,9.239,18.3444,
696,Judeo-Berber (Morocco),judéo-berbère (Maroc),judeo-bereber (Marruecos),Morocco,MAR,jbe,Extinct,"Judeo-Tamazight, Tamazight des juifs marocains",,0,"Haim Zafrani, Paulette-Galland Pernet, Daniel Schroeter, websites.",30.822,-6.8005,"Several areas in the Higher and the Middle Atlas (Sous): the Ouarzazate area, and Boumalne Dades, Imini, Tinghir (Tinerhir), in the Draa valley
Between Tiznit and Tafraout, around Ouijjane"
126,Kede,kede,kede,Angola,ANG,,Extinct,,,0,Carlos Estermann,-17.1617,16.1059,Used to be spoken north of the Namibian-Angolan border.
137,Kinare,kinare,kinare,Kenya,KEN,,Extinct,,,0,Franz Rottland,-0.725,37.2436,
121,Kw'adza,kw'adza,kw'adza,United Republic of Tanzania,TZA,wka,Extinct,Qwadza,,0,"Christopher Ehret, Roland Kießling",-5.3753,35.8621,
124,Kwadi,kwadi,kuadí,Angola,ANG,kwz,Extinct,,,0,"Carlos Estermann, António de Almeida, Ernst Westphal (cf. Matthias Brenzinger 2007:188)",-15.2523,12.2277,
125,Kwisi,kwisi,kwisi,Angola,ANG,,Extinct,Cuissi,,0,"Carlos Estermann, Ernst Westphal",-16.7309,13.0572,
111,Li-Ngbee,Ngbee,ngbee,Democratic Republic of the Congo,ZAI,jgb,Extinct,,,0,Ethnologue,2.4931,28.059,
93,Lorkoti,lorkoti,lorkoti,Kenya,KEN,,Extinct,,,0,Franz Rottland,-0.4943,37.359,
1295,Mo-peng,mo-peng,mo-peng,Sierra Leone,SLE,,Extinct,,,0,Tucker Childs,7.4714,-12.2607,
35,Nagumi,nagumi,nagumi,Cameroon,CMR,ngv,Extinct,,,0,Voegelin & Voegelin,8.6814,13.1835,
104,Napore,napore,napore,Uganda,UGA,,Extinct,,,0,Bernd Heine,3.8478,33.9147,
39,Ngong,ngong,ngong,Cameroon,CMR,nnx,Extinct,,,0,Ethnologue,9.0044,13.5104,
105,Nyang'i,nyang'i,ñangui,Uganda,UGA,nyp,Extinct,,,0,Bernd Heine,3.5024,33.3764,
31,Odut,odut,odut,Nigeria,NGA,oda,Extinct,,,0,Roger Blench,5.3077,8.2672,
87,Qwarenya,qwarenya,qwarenya,Ethiopia,ETH,,Extinct,,,0,David Appleyard,9.9207,38.3828,
1288,Sanhaja of Srair,senhaja de Srair,senhaja de Srair,Morocco,MAR,sjs,Critically endangered,sinhaja srir,,0,"Cologne: Rüdiger Köppe
Coon, 1939
Ethnologue
Mena Lafkioui, 2007. Atlas linguistique des variétés berbères du Rif.
Renisio, 1932",34.8318,-4.9658," Northern Morocco, west of Tarifit area"
1314,Sei,sei,sei,Sierra Leone,SLE,,Extinct,,,0,Tucker Childs,7.5857,-12.5354,
1291,Sened,sened,sened,Tunisia,TUN,sds,Extinct,"Tmagourt / Tmagurt, Zenati",,0,"Ethnologue 
Ethnologue reports that in 1999, a few older adults still remembered a few words.",35.5858,10.8984,"The language used to be spoken in Sened and Tmagourt villages, northwest of Gabès, Southern of Tunisai."
108,Singa,singa,singa,Uganda,UGA,sgm,Extinct,,,0,Ethnolgue,-0.1373,33.695,
1738,Togoyo,togoyo,togoyo,Sudan,SDN,tgy,Extinct,,,0,Ethnologue,8.5049,24.7961,
16,Tonjon,tonjon,tonjon,Côte d'Ivoire,CIV,tjn,Extinct,Jeri Tonjon,,0,Ethnologue,8.4397,-4.3807,
94,Yaaku,yaaku,yaaku,Kenya,KEN,muu,Extinct,Mukogodo,,0,"Bernd Heine, Matthias Brenzinger ",0.4394,37.1777,
21,Zeem,zeem,zeemo,Nigeria,NGA,zua,Extinct,"Tule, Danshe",,0,"Roger Blench, Caron",9.8389,9.0911,
131,|'Auni,|'auni,|'auni,South Africa,ZAF,ngh,Extinct,,,0,Anthony Traill,-26.0105,20.363,
136,|Xam,|xam,|xam,South Africa,ZAF,xam,Extinct,,,0,Dorothea Bleek,-32.2853,20.759,
1443,ǁKu ǁ'e,ǁku ǁ'e,ǁkuǁe,South Africa,ZAF,kqu,Extinct,Seroa,,0,Anthony Traill,-29.9739,27.0812,Border area of Lesotho and South Africa
1445,ǁKx'au,ǁkx'au,ǁkx'au,South Africa,ZAF,,Extinct,,,0,Anthony Traill,-32.2896,21.7968,
130,ǁXegwi,ǁxegwi,ǁxegwi,South Africa,ZAF,xeg,Extinct,,,0,"Anthony Traill, 2002' The Khoesan languages', in Rajend Mestrie (ed.) Language of South Africa. CUP",-25.35,30.99,"Lake Chrissie, Eastern Transvaal. "
118,Akie,akie,oquieco,United Republic of Tanzania,TZA,oki,Critically endangered,"Akiek, Okiek",,,Maarten Mous,-4.7735,37.3315,
2215,Figuig,figuig,figuig,Morocco,MAR,,Vulnerable,Tamazight,,,"Local sources
Internet-based sources",32.0895,-1.2222,"Seven igherman (oases) of the Figuig: At-Wadday, At-Amar, At-Lamiz, At-Sliman, At-aNaj, At-Addi, Iznayen."
97,Sogoo,sogoo,sogoo,Kenya,KEN,oki,Extinct,Okiek,,,Franz Rottland,-1.0435,36.6006,
3,Tasnusit,tasnusit,tasnusit,Algeria,DZA,,Severely endangered,"Tamazight, Berbere du Beni Snous, Ayt Snous, Chelha, Chleuh, Zenete",,,Local sources,34.623,-1.5614,"The Beni Snous region in the Wilaya (privince of Tlemcen) and especially around Khemis, Beni Achir, Beni Bahdel, Beni Hadiel, Beni Hammou, Beni Zidaz, Mazzer, Mghanine (Tleta), Ouled Moussa, Sid el Arbi, Sidi Yahya-El Kef, Tafessera e, Zahra."
2182,Touggourt Tamazight,touggourt,tougourt,Algeria,DZA,tjo,Severely endangered,"Righia, Chelha, Shelha
Generic term of Tamazight",,,Official population figures.,33.0777,6.0671,"Touggourt, Temacine, Meggarine, Ghora, Tamellaht, Blidet Amor, Tébesbest, Tamast"
