index,rank,word
45,0,society
377,0,society
405,0,society
537,0,society
575,0,society
1297,0,society
1686,0,society
2065,0,society
2096,0,society
2549,0,society
2638,0,society
2660,0,society
2671,0,society
2719,0,society
2870,0,society
2887,0,society
2931,0,society
3103,0,society
3212,0,society
3257,0,society
3300,0,society
3347,0,society
3352,0,society
3369,0,society
3436,0,society
3447,0,society
3480,0,society
3852,0,society
3873,0,society
4052,0,society
4085,0,society
4091,0,society
4103,0,society
4989,0,society
5060,0,society
5094,0,society
5104,0,society
5443,0,society
5463,0,society
5902,0,society
5908,0,society
6042,0,society
6055,0,society
6061,0,society
6134,0,society
6179,0,society
6432,0,society
6445,0,society
6511,0,society
6522,0,society
6598,0,society
6616,0,society
6733,0,society
6771,0,society
7006,0,society
7103,0,society
7118,0,society
7319,0,society
7335,0,society
7364,0,society
7402,0,society
7550,0,society
7608,0,society
7760,0,society
7971,0,society
8046,0,society
8274,0,society
8458,0,society
9168,0,society
9315,0,society
9320,0,society
9690,0,society
10116,0,society
10171,0,society
10186,0,society
10208,0,society
10743,0,society
10997,0,society
11042,0,society
11308,0,society
11473,0,society
11490,0,society
12358,0,society
12589,0,society
12620,0,society
12632,0,society
12690,0,society
12902,0,society
13280,0,society
13295,0,society
13431,0,society
13658,0,society
13687,0,society
13703,0,society
13726,0,society
13855,0,society
13865,0,society
13920,0,society
13961,0,society
13986,0,society
14006,0,society
14052,0,society
14123,0,society
14178,0,society
14210,0,society
14235,0,society
14277,0,society
14283,0,society
14317,0,society
14378,0,society
14395,0,society
14428,0,society
14433,0,society
14710,0,society
14849,0,society
14882,0,society
14895,0,society
15046,0,society
15075,0,society
15098,0,society
15135,0,society
15241,0,society
15349,0,society
15562,0,society
15610,0,society
15643,0,society
15666,0,society
15695,0,society
15827,0,society
16345,0,society
16593,0,society
16689,0,society
16787,0,society
17239,0,society
17663,0,society
17957,0,society
18032,0,society
18234,0,society
18997,0,society
19443,0,society
20040,0,society
20306,0,society
20369,0,society
20424,0,society
20460,0,society
20555,0,society
20587,0,society
20643,0,society
20678,0,society
20742,0,society
20755,0,society
20846,0,society
21428,0,society
21531,0,society
21625,0,society
21887,0,society
22003,0,society
22154,0,society
22447,0,society
22490,0,society
22546,0,society
22662,0,society
22778,0,society
22798,0,society
22833,0,society
23013,0,society
23252,0,society
24270,0,society
24383,0,society
24407,0,society
24877,0,society
24906,0,society
25146,0,society
25176,0,society
25326,0,society
25392,0,society
25402,0,society
25435,0,society
25710,0,society
26120,0,society
26388,0,society
26399,0,society
26428,0,society
26474,0,society
27182,0,society
27230,0,society
27233,0,society
27360,0,society
27372,0,society
27394,0,society
27409,0,society
27426,0,society
27438,0,society
27547,0,society
27686,0,society
27720,0,society
27755,0,society
27767,0,society
27807,0,society
27840,0,society
27857,0,society
28565,0,society
29980,0,society
29990,0,society
30524,0,society
31332,0,society
31407,0,society
31424,0,society
31533,0,society
31561,0,society
31777,0,society
31822,0,society
31972,0,society
32950,0,society
33008,0,society
33027,0,society
34025,0,society
34030,0,society
145,1,system
214,1,system
232,1,system
250,1,system
265,1,system
305,1,system
361,1,system
429,1,system
3413,1,system
3544,1,system
3738,1,system
3741,1,system
3820,1,system
6627,1,system
6650,1,system
6664,1,system
6712,1,system
6754,1,system
6789,1,system
8159,1,system
8287,1,system
8342,1,system
8369,1,system
8403,1,system
8412,1,system
9338,1,system
9369,1,system
9412,1,system
9462,1,system
10138,1,system
11238,1,system
11428,1,system
12842,1,system
13189,1,system
13868,1,system
14477,1,system
14487,1,system
14779,1,system
14816,1,system
14946,1,system
15012,1,system
15244,1,system
15299,1,system
15392,1,system
15418,1,system
15443,1,system
15585,1,system
15830,1,system
15933,1,system
15987,1,system
16016,1,system
16036,1,system
16047,1,system
16064,1,system
16089,1,system
16100,1,system
16116,1,system
16123,1,system
16164,1,system
16189,1,system
16204,1,system
16364,1,system
16390,1,system
16542,1,system
16568,1,system
16626,1,system
16705,1,system
16803,1,system
16826,1,system
17332,1,system
18307,1,system
18323,1,system
18337,1,system
18374,1,system
18502,1,system
18872,1,system
19127,1,system
19172,1,system
19368,1,system
19419,1,system
19463,1,system
19845,1,system
19860,1,system
19879,1,system
19904,1,system
19922,1,system
19990,1,system
20016,1,system
20166,1,system
20230,1,system
20967,1,system
21192,1,system
21199,1,system
21242,1,system
21264,1,system
21308,1,system
21315,1,system
21392,1,system
21426,1,system
21454,1,system
21489,1,system
21660,1,system
21759,1,system
21762,1,system
21808,1,system
21941,1,system
22348,1,system
22541,1,system
22566,1,system
22582,1,system
22595,1,system
22608,1,system
22811,1,system
22986,1,system
23469,1,system
23518,1,system
23573,1,system
23598,1,system
23628,1,system
23652,1,system
23683,1,system
23731,1,system
23790,1,system
23842,1,system
24039,1,system
24055,1,system
24200,1,system
24204,1,system
24322,1,system
24341,1,system
24388,1,system
24422,1,system
24446,1,system
24484,1,system
24631,1,system
24652,1,system
24682,1,system
24817,1,system
24827,1,system
24831,1,system
25453,1,system
25464,1,system
25771,1,system
25934,1,system
26243,1,system
26334,1,system
26363,1,system
26421,1,system
26753,1,system
26790,1,system
27072,1,system
27196,1,system
27200,1,system
27293,1,system
27593,1,system
27610,1,system
27744,1,system
27866,1,system
28080,1,system
28112,1,system
28345,1,system
28531,1,system
28882,1,system
28969,1,system
28977,1,system
29062,1,system
29223,1,system
29245,1,system
29424,1,system
29451,1,system
29476,1,system
29485,1,system
29514,1,system
29529,1,system
29546,1,system
29639,1,system
29852,1,system
29881,1,system
30037,1,system
30047,1,system
30130,1,system
30280,1,system
30308,1,system
30323,1,system
30359,1,system
30635,1,system
30678,1,system
30722,1,system
30728,1,system
30750,1,system
31058,1,system
31265,1,system
31960,1,system
31978,1,system
32433,1,system
34303,1,system
34353,1,system
34384,1,system
240,2,people
2398,2,people
2422,2,people
2462,2,people
2492,2,people
2527,2,people
2770,2,people
2836,2,people
2947,2,people
3113,2,people
3318,2,people
3500,2,people
3561,2,people
3702,2,people
4571,2,people
4704,2,people
4930,2,people
5196,2,people
5247,2,people
5299,2,people
5318,2,people
5351,2,people
5406,2,people
5464,2,people
5486,2,people
5521,2,people
5557,2,people
5592,2,people
5782,2,people
6063,2,people
6136,2,people
6315,2,people
6348,2,people
6366,2,people
7340,2,people
7777,2,people
7841,2,people
7924,2,people
7968,2,people
8062,2,people
8166,2,people
8218,2,people
8352,2,people
8361,2,people
8526,2,people
8543,2,people
9508,2,people
9572,2,people
9821,2,people
9914,2,people
10091,2,people
10103,2,people
10178,2,people
10199,2,people
10314,2,people
10325,2,people
10447,2,people
10460,2,people
10636,2,people
10823,2,people
10861,2,people
10875,2,people
10900,2,people
10994,2,people
11010,2,people
11033,2,people
11053,2,people
11165,2,people
11180,2,people
11305,2,people
11332,2,people
11470,2,people
12514,2,people
13051,2,people
13203,2,people
13338,2,people
13421,2,people
13480,2,people
13487,2,people
13525,2,people
14544,2,people
15059,2,people
15258,2,people
15422,2,people
15601,2,people
15689,2,people
15712,2,people
15723,2,people
15843,2,people
15866,2,people
15950,2,people
16118,2,people
16135,2,people
16156,2,people
16179,2,people
17277,2,people
17296,2,people
17797,2,people
17963,2,people
18148,2,people
18258,2,people
18289,2,people
18724,2,people
19530,2,people
19783,2,people
19970,2,people
20143,2,people
20196,2,people
20219,2,people
20308,2,people
20494,2,people
20646,2,people
20751,2,people
21057,2,people
21811,2,people
22017,2,people
22502,2,people
22532,2,people
22774,2,people
22784,2,people
22842,2,people
22961,2,people
23179,2,people
23587,2,people
23617,2,people
23779,2,people
23947,2,people
24061,2,people
24290,2,people
24516,2,people
24858,2,people
25731,2,people
26076,2,people
26210,2,people
26352,2,people
26384,2,people
26449,2,people
26492,2,people
26590,2,people
26646,2,people
27097,2,people
27614,2,people
27873,2,people
27893,2,people
27985,2,people
28054,2,people
28072,2,people
28120,2,people
28129,2,people
28139,2,people
28265,2,people
28304,2,people
28392,2,people
28463,2,people
28518,2,people
28558,2,people
28594,2,people
28766,2,people
28908,2,people
29082,2,people
29168,2,people
29322,2,people
29672,2,people
29708,2,people
29744,2,people
30247,2,people
30626,2,people
30669,2,people
31607,2,people
31805,2,people
32342,2,people
32412,2,people
32780,2,people
32783,2,people
32786,2,people
32789,2,people
33063,2,people
33333,2,people
33408,2,people
33417,2,people
33440,2,people
33757,2,people
34348,2,people
34379,2,people
34708,2,people
34726,2,people
1943,3,power
2162,3,power
2381,3,power
2518,3,power
4157,3,power
4168,3,power
4184,3,power
4286,3,power
4349,3,power
4375,3,power
4380,3,power
4396,3,power
5329,3,power
5509,3,power
5613,3,power
5646,3,power
5707,3,power
5745,3,power
5757,3,power
5787,3,power
5807,3,power
5822,3,power
5837,3,power
6121,3,power
6152,3,power
6330,3,power
7276,3,power
7348,3,power
7372,3,power
7389,3,power
7436,3,power
7506,3,power
7732,3,power
7804,3,power
7828,3,power
7892,3,power
7935,3,power
8098,3,power
8452,3,power
8600,3,power
9293,3,power
9661,3,power
9740,3,power
9779,3,power
9850,3,power
9875,3,power
9983,3,power
10049,3,power
10098,3,power
10225,3,power
10233,3,power
10243,3,power
10256,3,power
10341,3,power
10478,3,power
10540,3,power
10563,3,power
10642,3,power
10659,3,power
10727,3,power
10791,3,power
10807,3,power
10827,3,power
10870,3,power
10892,3,power
10906,3,power
11110,3,power
11315,3,power
11337,3,power
11385,3,power
11510,3,power
11928,3,power
11994,3,power
12031,3,power
12094,3,power
12273,3,power
12284,3,power
12425,3,power
12506,3,power
12510,3,power
12517,3,power
12544,3,power
12557,3,power
12787,3,power
12796,3,power
17264,3,power
18124,3,power
19533,3,power
20708,3,power
21828,3,power
23952,3,power
23986,3,power
24123,3,power
25637,3,power
25654,3,power
25666,3,power
26092,3,power
26104,3,power
26373,3,power
26440,3,power
26460,3,power
26484,3,power
26504,3,power
26802,3,power
27590,3,power
27607,3,power
28744,3,power
28798,3,power
28836,3,power
29050,3,power
29220,3,power
29682,3,power
29720,3,power
29725,3,power
29746,3,power
29760,3,power
29785,3,power
29797,3,power
29829,3,power
29889,3,power
29905,3,power
29917,3,power
29977,3,power
29987,3,power
30007,3,power
30023,3,power
31184,3,power
31840,3,power
31846,3,power
31880,3,power
31891,3,power
32053,3,power
32226,3,power
32511,3,power
32563,3,power
32573,3,power
32587,3,power
32666,3,power
32700,3,power
33021,3,power
33057,3,power
33071,3,power
33423,3,power
33451,3,power
33560,3,power
34470,3,power
34649,3,power
34670,3,power
753,4,would
1380,4,would
2440,4,would
2452,4,would
2483,4,would
2559,4,would
4006,4,would
4610,4,would
4812,4,would
4887,4,would
4940,4,would
5319,4,would
6386,4,would
6654,4,would
7282,4,would
10264,4,would
11482,4,would
11780,4,would
11789,4,would
12943,4,would
12960,4,would
13002,4,would
13184,4,would
13521,4,would
13803,4,would
13818,4,would
14191,4,would
14586,4,would
14595,4,would
14605,4,would
14773,4,would
14837,4,would
14857,4,would
14875,4,would
14896,4,would
14914,4,would
14931,4,would
14937,4,would
14942,4,would
14953,4,would
14975,4,would
15048,4,would
15106,4,would
15109,4,would
15140,4,would
15271,4,would
15296,4,would
15871,4,would
16325,4,would
16519,4,would
16829,4,would
17038,4,would
17066,4,would
17080,4,would
17094,4,would
17118,4,would
17142,4,would
17174,4,would
17207,4,would
17211,4,would
17267,4,would
18035,4,would
18319,4,would
18440,4,would
18488,4,would
18818,4,would
18834,4,would
18846,4,would
18941,4,would
18973,4,would
18983,4,would
19002,4,would
19014,4,would
19413,4,would
20157,4,would
20247,4,would
20790,4,would
22058,4,would
22266,4,would
22405,4,would
22415,4,would
22934,4,would
22988,4,would
23152,4,would
23174,4,would
23292,4,would
23802,4,would
23815,4,would
24241,4,would
24257,4,would
24664,4,would
24828,4,would
25393,4,would
25403,4,would
25611,4,would
25628,4,would
25651,4,would
25663,4,would
25694,4,would
25824,4,would
26591,4,would
26647,4,would
26657,4,would
27064,4,would
27217,4,would
28197,4,would
28600,4,would
29117,4,would
29137,4,would
29142,4,would
29169,4,would
29185,4,would
29193,4,would
29202,4,would
29550,4,would
29912,4,would
30058,4,would
30188,4,would
30195,4,would
30208,4,would
30220,4,would
30249,4,would
30270,4,would
30313,4,would
31147,4,would
31173,4,would
31188,4,would
31219,4,would
31229,4,would
31274,4,would
31301,4,would
31324,4,would
31401,4,would
32273,4,would
32429,4,would
32979,4,would
33597,4,would
33606,4,would
33619,4,would
33881,4,would
20,5,human
54,5,human
100,5,human
192,5,human
2042,5,human
3141,5,human
4505,5,human
5943,5,human
6075,5,human
6092,5,human
6431,5,human
7451,5,human
7552,5,human
8484,5,human
8745,5,human
11869,5,human
12313,5,human
12377,5,human
14038,5,human
14044,5,human
14079,5,human
14137,5,human
15248,5,human
15436,5,human
15480,5,human
15532,5,human
15589,5,human
15996,5,human
16003,5,human
16068,5,human
16109,5,human
16317,5,human
16947,5,human
17028,5,human
17106,5,human
17220,5,human
18185,5,human
18949,5,human
19146,5,human
19729,5,human
19882,5,human
19925,5,human
20403,5,human
20454,5,human
20468,5,human
20505,5,human
20595,5,human
20636,5,human
20842,5,human
21483,5,human
21507,5,human
21525,5,human
21566,5,human
21572,5,human
21643,5,human
21671,5,human
21774,5,human
21841,5,human
21853,5,human
21865,5,human
21897,5,human
21925,5,human
21930,5,human
21954,5,human
21973,5,human
21989,5,human
22183,5,human
22690,5,human
22958,5,human
23029,5,human
23041,5,human
23122,5,human
23140,5,human
23160,5,human
23201,5,human
23217,5,human
23272,5,human
23287,5,human
23400,5,human
23456,5,human
23569,5,human
23583,5,human
23674,5,human
23690,5,human
23772,5,human
23833,5,human
23931,5,human
24016,5,human
24157,5,human
24255,5,human
24326,5,human
25246,5,human
25409,5,human
25497,5,human
25522,5,human
25548,5,human
25553,5,human
25609,5,human
25626,5,human
25649,5,human
25675,5,human
25778,5,human
25839,5,human
25916,5,human
26012,5,human
26112,5,human
26162,5,human
26191,5,human
26553,5,human
26586,5,human
26635,5,human
26923,5,human
26992,5,human
27014,5,human
27507,5,human
27512,5,human
27523,5,human
27537,5,human
27685,5,human
27696,5,human
27719,5,human
27850,5,human
29702,5,human
30442,5,human
31730,5,human
31757,5,human
31773,5,human
665,6,one
1844,6,one
1917,6,one
2413,6,one
2725,6,one
3145,6,one
3870,6,one
4393,6,one
4973,6,one
4997,6,one
5056,6,one
5064,6,one
5383,6,one
5812,6,one
6144,6,one
7368,6,one
7502,6,one
8495,6,one
8505,6,one
8930,6,one
9188,6,one
9196,6,one
9207,6,one
9231,6,one
9242,6,one
9253,6,one
9715,6,one
11223,6,one
11504,6,one
12019,6,one
12479,6,one
12498,6,one
12523,6,one
12546,6,one
12677,6,one
13349,6,one
13352,6,one
13953,6,one
14273,6,one
14646,6,one
14723,6,one
14731,6,one
14735,6,one
14745,6,one
15790,6,one
15946,6,one
16235,6,one
16281,6,one
16401,6,one
16413,6,one
16713,6,one
17213,6,one
17405,6,one
17417,6,one
17430,6,one
17435,6,one
17456,6,one
17501,6,one
17621,6,one
17633,6,one
17703,6,one
17709,6,one
17712,6,one
17717,6,one
18011,6,one
18241,6,one
18342,6,one
19287,6,one
19353,6,one
19584,6,one
19615,6,one
20126,6,one
20181,6,one
20423,6,one
20834,6,one
22113,6,one
22830,6,one
23129,6,one
23440,6,one
23620,6,one
23896,6,one
24727,6,one
24963,6,one
25270,6,one
26327,6,one
26518,6,one
26612,6,one
27271,6,one
27463,6,one
27974,6,one
28534,6,one
28543,6,one
28702,6,one
28748,6,one
28887,6,one
29516,6,one
29533,6,one
29656,6,one
30002,6,one
30142,6,one
30152,6,one
30423,6,one
30485,6,one
30565,6,one
30818,6,one
31171,6,one
31498,6,one
31674,6,one
31807,6,one
32767,6,one
33074,6,one
34556,6,one
34616,6,one
90,7,technology
6279,7,technology
6302,7,technology
6505,7,technology
11538,7,technology
12270,7,technology
14812,7,technology
14836,7,technology
15036,7,technology
15052,7,technology
15145,7,technology
15943,7,technology
16043,7,technology
16641,7,technology
16651,7,technology
16701,7,technology
16729,7,technology
17361,7,technology
17366,7,technology
17516,7,technology
17526,7,technology
17926,7,technology
17955,7,technology
18218,7,technology
18299,7,technology
18360,7,technology
18842,7,technology
18895,7,technology
18972,7,technology
19096,7,technology
19224,7,technology
19429,7,technology
19764,7,technology
20004,7,technology
20184,7,technology
20246,7,technology
20630,7,technology
21533,7,technology
22643,7,technology
22658,7,technology
22681,7,technology
22688,7,technology
23020,7,technology
23394,7,technology
23811,7,technology
24379,7,technology
24541,7,technology
24596,7,technology
24998,7,technology
25319,7,technology
26988,7,technology
27192,7,technology
27210,7,technology
27578,7,technology
27599,7,technology
27641,7,technology
27886,7,technology
27929,7,technology
28233,7,technology
28732,7,technology
28741,7,technology
28769,7,technology
28910,7,technology
29030,7,technology
29259,7,technology
29334,7,technology
29371,7,technology
29392,7,technology
29831,7,technology
30085,7,technology
30093,7,technology
30123,7,technology
30140,7,technology
30149,7,technology
30160,7,technology
30232,7,technology
30256,7,technology
30328,7,technology
30349,7,technology
30445,7,technology
30804,7,technology
30891,7,technology
30919,7,technology
30926,7,technology
30929,7,technology
30932,7,technology
30934,7,technology
30947,7,technology
30949,7,technology
30968,7,technology
30972,7,technology
30998,7,technology
31034,7,technology
31089,7,technology
31110,7,technology
31113,7,technology
31119,7,technology
31127,7,technology
31273,7,technology
31286,7,technology
31291,7,technology
31391,7,technology
31703,7,technology
31738,7,technology
31783,7,technology
31869,7,technology
31872,7,technology
31924,7,technology
31943,7,technology
32165,7,technology
33215,7,technology
33245,7,technology
33261,7,technology
128,8,may
146,8,may
150,8,may
309,8,may
311,8,may
319,8,may
324,8,may
1466,8,may
2289,8,may
2322,8,may
2674,8,may
3805,8,may
4240,8,may
4320,8,may
5198,8,may
5218,8,may
5511,8,may
7250,8,may
7638,8,may
8022,8,may
8643,8,may
8704,8,may
8878,8,may
9162,8,may
9189,8,may
9197,8,may
9227,8,may
10234,8,may
10326,8,may
10357,8,may
10557,8,may
10568,8,may
10579,8,may
12178,8,may
12198,8,may
12495,8,may
12558,8,may
13423,8,may
14698,8,may
15367,8,may
15965,8,may
16030,8,may
16887,8,may
19816,8,may
19900,8,may
20220,8,may
20334,8,may
20624,8,may
21559,8,may
22104,8,may
22159,8,may
23115,8,may
23117,8,may
23843,8,may
23853,8,may
24208,8,may
24271,8,may
24698,8,may
24775,8,may
25760,8,may
25844,8,may
25854,8,may
25942,8,may
25957,8,may
25998,8,may
26054,8,may
26114,8,may
26394,8,may
26400,8,may
26532,8,may
26870,8,may
26979,8,may
27211,8,may
27858,8,may
28340,8,may
28780,8,may
29008,8,may
29010,8,may
29412,8,may
29438,8,may
29619,8,may
30659,8,may
30763,8,may
31939,8,may
33257,8,may
33282,8,may
33976,8,may
33988,8,may
34260,8,may
34315,8,may
34515,8,may
574,9,modern
797,9,modern
824,9,modern
862,9,modern
881,9,modern
897,9,modern
958,9,modern
984,9,modern
1764,9,modern
1877,9,modern
3161,9,modern
3178,9,modern
3872,9,modern
4035,9,modern
4987,9,modern
5103,9,modern
5906,9,modern
5971,9,modern
6041,9,modern
6054,9,modern
6133,9,modern
6177,9,modern
6277,9,modern
6427,9,modern
6444,9,modern
6574,9,modern
6615,9,modern
6732,9,modern
6865,9,modern
7082,9,modern
7133,9,modern
7222,9,modern
7334,9,modern
7363,9,modern
7400,9,modern
7548,9,modern
7607,9,modern
7759,9,modern
7970,9,modern
8036,9,modern
8045,9,modern
8715,9,modern
8728,9,modern
8832,9,modern
8951,9,modern
9029,9,modern
9057,9,modern
9128,9,modern
9152,9,modern
9167,9,modern
9265,9,modern
9628,9,modern
9689,9,modern
9820,9,modern
9913,9,modern
10019,9,modern
10207,9,modern
11307,9,modern
12713,9,modern
15144,9,modern
15186,9,modern
15930,9,modern
16700,9,modern
16740,9,modern
18031,9,modern
20629,9,modern
20754,9,modern
20845,9,modern
20985,9,modern
21056,9,modern
22474,9,modern
22498,9,modern
29677,9,modern
29775,9,modern
29800,9,modern
29824,9,modern
30122,9,modern
30327,9,modern
30348,9,modern
30803,9,modern
31214,9,modern
31421,9,modern
31737,9,modern
34631,9,modern
34719,9,modern
34778,9,modern
34799,9,modern
120,10,social
207,10,social
2552,10,social
3532,10,social
5154,10,social
5239,10,social
5480,10,social
6049,10,social
6158,10,social
6195,10,social
6558,10,social
6565,10,social
6812,10,social
6941,10,social
7329,10,social
7793,10,social
7950,10,social
8873,10,social
9778,10,social
10355,10,social
11167,10,social
13101,10,social
13125,10,social
13397,10,social
13499,10,social
13718,10,social
14130,10,social
14168,10,social
16027,10,social
17373,10,social
17531,10,social
18223,10,social
18446,10,social
18877,10,social
18901,10,social
18938,10,social
18981,10,social
19035,10,social
19101,10,social
19158,10,social
19448,10,social
19632,10,social
19714,10,social
19743,10,social
19953,10,social
20114,10,social
20413,10,social
20786,10,social
21780,10,social
21914,10,social
22201,10,social
23468,10,social
24337,10,social
24892,10,social
25117,10,social
25206,10,social
26998,10,social
27176,10,social
27666,10,social
27743,10,social
28001,10,social
28525,10,social
28720,10,social
28892,10,social
30172,10,social
30186,10,social
30268,10,social
30288,10,social
30475,10,social
30489,10,social
30537,10,social
30575,10,social
30954,10,social
30977,10,social
31375,10,social
32578,10,social
32676,10,social
32958,10,social
32989,10,social
33360,10,social
34074,10,social
34157,10,social
34162,10,social
34167,10,social
195,11,many
1278,11,many
2019,11,many
2295,11,many
2680,11,many
3071,11,many
3111,11,many
3978,11,many
4593,11,many
4632,11,many
5195,11,many
5295,11,many
5346,11,many
6959,11,many
7840,11,many
7923,11,many
7967,11,many
8302,11,many
8349,11,many
8841,11,many
9142,11,many
9175,11,many
9259,11,many
9284,11,many
10794,11,many
10993,11,many
11124,11,many
11179,11,many
11304,11,many
11461,11,many
11980,11,many
12167,11,many
12278,11,many
12394,11,many
12658,11,many
12964,11,many
12995,11,many
13486,11,many
13515,11,many
16067,11,many
16155,11,many
16917,11,many
17278,11,many
17951,11,many
18052,11,many
18387,11,many
20195,11,many
20884,11,many
21169,11,many
21369,11,many
22025,11,many
22284,11,many
22431,11,many
22506,11,many
22773,11,many
23524,11,many
24289,11,many
24515,11,many
24743,11,many
26209,11,many
26645,11,many
27692,11,many
28829,11,many
28854,11,many
30463,11,many
30623,11,many
32409,11,many
33048,11,many
33322,11,many
33466,11,many
33476,11,many
33612,11,many
33721,11,many
33748,11,many
3329,12,freedom
11245,12,freedom
12378,12,freedom
12384,12,freedom
12405,12,freedom
12415,12,freedom
12533,12,freedom
12568,12,freedom
12615,12,freedom
12687,12,freedom
12761,12,freedom
12809,12,freedom
13082,12,freedom
13145,12,freedom
13155,12,freedom
13232,12,freedom
13324,12,freedom
13347,12,freedom
13367,12,freedom
13461,12,freedom
13494,12,freedom
14794,12,freedom
14823,12,freedom
14834,12,freedom
14930,12,freedom
14992,12,freedom
15029,12,freedom
15050,12,freedom
15142,12,freedom
15161,12,freedom
15326,12,freedom
16697,12,freedom
17071,12,freedom
17210,12,freedom
17363,12,freedom
17379,12,freedom
17518,12,freedom
17537,12,freedom
17549,12,freedom
17608,12,freedom
17613,12,freedom
17675,12,freedom
17859,12,freedom
17986,12,freedom
18352,12,freedom
18385,12,freedom
18439,12,freedom
18454,12,freedom
18563,12,freedom
18692,12,freedom
18770,12,freedom
18812,12,freedom
18965,12,freedom
19009,12,freedom
19107,12,freedom
19217,12,freedom
19397,12,freedom
19427,12,freedom
19762,12,freedom
19773,12,freedom
19863,12,freedom
19941,12,freedom
20002,12,freedom
21974,12,freedom
23900,12,freedom
23963,12,freedom
24738,12,freedom
24747,12,freedom
28659,12,freedom
30025,12,freedom
31731,12,freedom
32118,12,freedom
32148,12,freedom
33732,12,freedom
304,13,industrial
360,13,industrial
4988,13,industrial
5907,13,industrial
6178,13,industrial
6736,13,industrial
6770,13,industrial
7318,13,industrial
7401,13,industrial
7549,13,industrial
9314,13,industrial
14778,13,industrial
16592,13,industrial
16688,13,industrial
19367,13,industrial
21624,13,industrial
23012,13,industrial
24269,13,industrial
24321,13,industrial
24382,13,industrial
24406,13,industrial
24445,13,industrial
24876,13,industrial
24905,13,industrial
25391,13,industrial
25434,13,industrial
27181,13,industrial
27195,13,industrial
27754,13,industrial
27806,13,industrial
27865,13,industrial
27957,13,industrial
28079,13,industrial
28564,13,industrial
29061,13,industrial
29244,13,industrial
29423,13,industrial
29450,13,industrial
29513,13,industrial
29528,13,industrial
29545,13,industrial
29638,13,industrial
29757,13,industrial
29989,13,industrial
30036,13,industrial
30634,13,industrial
30677,13,industrial
30721,13,industrial
30727,13,industrial
30749,13,industrial
31264,13,industrial
31331,13,industrial
31406,13,industrial
329,14,process
2627,14,process
4185,14,process
5330,14,process
5510,14,process
5614,14,process
5647,14,process
5823,14,process
5838,14,process
6122,14,process
6153,14,process
7277,14,process
7349,14,process
7373,14,process
7390,14,process
7437,14,process
7507,14,process
7510,14,process
7733,14,process
7805,14,process
7829,14,process
7893,14,process
7936,14,process
8099,14,process
8453,14,process
9294,14,process
9662,14,process
9741,14,process
9769,14,process
9876,14,process
9984,14,process
10050,14,process
10244,14,process
10257,14,process
10342,14,process
10479,14,process
10541,14,process
10564,14,process
10728,14,process
10792,14,process
10808,14,process
10907,14,process
11111,14,process
11316,14,process
11338,14,process
11511,14,process
12095,14,process
12426,14,process
18133,14,process
19610,14,process
19663,14,process
20709,14,process
20894,14,process
21829,14,process
22199,14,process
22211,14,process
24497,14,process
24574,14,process
26093,14,process
27046,14,process
31368,14,process
32588,14,process
32701,14,process
34650,14,process
2516,15,need
3938,15,need
4142,15,need
4166,15,need
4359,15,need
4653,15,need
5208,15,need
5233,15,need
5326,15,need
5522,15,need
5610,15,need
5643,15,need
5699,15,need
7273,15,need
7729,15,need
7801,15,need
7825,15,need
7844,15,need
7889,15,need
8095,15,need
8108,15,need
8355,15,need
8514,15,need
9844,15,need
10046,15,need
10124,15,need
10238,15,need
10251,15,need
10338,15,need
10475,15,need
10537,15,need
10551,15,need
10640,15,need
10868,15,need
10890,15,need
10903,15,need
11107,15,need
11312,15,need
11334,15,need
11383,15,need
11507,15,need
12089,15,need
12234,15,need
12282,15,need
17300,15,need
24121,15,need
26089,15,need
26260,15,need
26482,15,need
28649,15,need
29856,15,need
30221,15,need
31353,15,need
31624,15,need
31838,15,need
32571,15,need
32697,15,need
33015,15,need
34526,15,need
625,16,leftists
845,16,leftists
959,16,leftists
1334,16,leftists
1370,16,leftists
1517,16,leftists
2020,16,leftists
2296,16,leftists
2401,16,leftists
2558,16,leftists
2681,16,leftists
2703,16,leftists
3268,16,leftists
3491,16,leftists
3564,16,leftists
3657,16,leftists
3836,16,leftists
3861,16,leftists
13516,16,leftists
31634,16,leftists
31716,16,leftists
31938,16,leftists
31986,16,leftists
32103,16,leftists
32129,16,leftists
32163,16,leftists
32191,16,leftists
32211,16,leftists
32284,16,leftists
32419,16,leftists
32427,16,leftists
32559,16,leftists
32937,16,leftists
32978,16,leftists
33049,16,leftists
33133,16,leftists
33323,16,leftists
33430,16,leftists
33467,16,leftists
33520,16,leftists
33579,16,leftists
33750,16,leftists
33866,16,leftists
33870,16,leftists
33984,16,leftists
33987,16,leftists
34108,16,leftists
34228,16,leftists
34257,16,leftists
34311,16,leftists
313,17,make
2051,17,make
2124,17,make
2185,17,make
2426,17,make
2453,17,make
3546,17,make
3575,17,make
3664,17,make
3678,17,make
3712,17,make
3822,17,make
4121,17,make
5599,17,make
6498,17,make
7839,17,make
8545,17,make
9510,17,make
10129,17,make
10396,17,make
12110,17,make
12400,17,make
12898,17,make
14220,17,make
14923,17,make
14967,17,make
15061,17,make
15385,17,make
15842,17,make
16378,17,make
17082,17,make
17356,17,make
18183,17,make
18865,17,make
19706,17,make
20149,17,make
20650,17,make
20750,17,make
21185,17,make
22706,17,make
25060,17,make
25090,17,make
25541,17,make
25570,17,make
25580,17,make
25735,17,make
26096,17,make
26237,17,make
26792,17,make
28475,17,make
30527,17,make
31019,17,make
31210,17,make
31356,17,make
31359,17,make
31362,17,make
31803,17,make
32939,17,make
33229,17,make
34749,17,make
572,18,problems
1341,18,problems
1408,18,problems
1692,18,problems
1730,18,problems
2502,18,problems
2553,18,problems
2563,18,problems
4041,18,problems
4049,18,problems
4294,18,problems
4502,18,problems
6021,18,problems
6052,18,problems
6159,18,problems
6813,18,problems
6830,18,problems
6859,18,problems
6884,18,problems
6892,18,problems
6993,18,problems
7095,18,problems
7332,18,problems
10175,18,problems
11605,18,problems
16328,18,problems
19138,18,problems
19144,18,problems
19449,18,problems
19485,18,problems
19553,18,problems
19633,18,problems
19744,18,problems
19811,18,problems
19849,18,problems
19914,18,problems
20124,18,problems
20534,18,problems
21641,18,problems
21652,18,problems
21666,18,problems
22592,18,problems
23256,18,problems
23663,18,problems
23672,18,problems
23760,18,problems
24127,18,problems
24146,18,problems
24471,18,problems
24895,18,problems
24981,18,problems
25118,18,problems
25275,18,problems
25297,18,problems
25324,18,problems
25713,18,problems
27764,18,problems
28093,18,problems
30642,18,problems
31600,18,problems
226,19,way
352,19,way
369,19,way
783,19,way
2736,19,way
3464,19,way
3519,19,way
4810,19,way
5835,19,way
5967,19,way
6440,19,way
7353,19,way
7697,19,way
8163,19,way
8209,19,way
8881,19,way
9123,19,way
9238,19,way
9991,19,way
10088,19,way
10897,19,way
11114,19,way
11130,19,way
11388,19,way
11731,19,way
12366,19,way
12866,19,way
14582,19,way
14783,19,way
14901,19,way
15132,19,way
15311,19,way
15819,19,way
15955,19,way
16295,19,way
17667,19,way
17792,19,way
17961,19,way
18961,19,way
19363,19,way
19423,19,way
19998,19,way
20008,19,way
20779,19,way
21670,19,way
22529,19,way
22666,19,way
23381,19,way
23416,19,way
23621,19,way
24607,19,way
26496,19,way
26632,19,way
26688,19,way
27891,19,way
28869,19,way
28918,19,way
30657,19,way
34359,19,way
619,20,leftist
671,20,leftist
724,20,leftist
812,20,leftist
1434,20,leftist
1570,20,leftist
1616,20,leftist
1674,20,leftist
1678,20,leftist
1738,20,leftist
1949,20,leftist
1982,20,leftist
2112,20,leftist
2198,20,leftist
2231,20,leftist
2262,20,leftist
2316,20,leftist
2345,20,leftist
2363,20,leftist
2373,20,leftist
2386,20,leftist
2473,20,leftist
2599,20,leftist
2687,20,leftist
3223,20,leftist
3469,20,leftist
3811,20,leftist
3989,20,leftist
4044,20,leftist
10856,20,leftist
13542,20,leftist
31657,20,leftist
31673,20,leftist
31678,20,leftist
31844,20,leftist
32111,20,leftist
32311,20,leftist
32327,20,leftist
32345,20,leftist
32401,20,leftist
32525,20,leftist
32543,20,leftist
32566,20,leftist
32620,20,leftist
32642,20,leftist
32684,20,leftist
32712,20,leftist
32753,20,leftist
33001,20,leftist
33150,20,leftist
33375,20,leftist
33425,20,leftist
33685,20,leftist
33830,20,leftist
33849,20,leftist
33896,20,leftist
33944,20,leftist
34009,20,leftist
34177,20,leftist
34218,20,leftist
34403,20,leftist
2974,21,work
4717,21,work
5022,21,work
5114,21,work
5120,21,work
5177,21,work
5217,21,work
5280,21,work
5622,21,work
7724,21,work
9234,21,work
9244,21,work
9545,21,work
9891,21,work
10567,21,work
11184,21,work
11262,21,work
11601,21,work
11822,21,work
11853,21,work
11859,21,work
11900,21,work
12051,21,work
12135,21,work
12145,21,work
12206,21,work
15257,21,work
16452,21,work
18547,21,work
18561,21,work
18574,21,work
18705,21,work
18712,21,work
18726,21,work
18761,21,work
18784,21,work
19658,21,work
20258,21,work
20269,21,work
20527,21,work
21024,21,work
23492,21,work
24108,21,work
24333,21,work
24625,21,work
25355,21,work
25508,21,work
25917,21,work
26163,21,work
26219,21,work
26308,21,work
26542,21,work
26564,21,work
26584,21,work
34279,21,work
3541,22,man
3578,22,man
3585,22,man
3667,22,man
3752,22,man
3817,22,man
4269,22,man
4284,22,man
5954,22,man
5972,22,man
6188,22,man
6240,22,man
6866,22,man
7014,22,man
7134,22,man
7885,22,man
8709,22,man
8716,22,man
8729,22,man
8785,22,man
8892,22,man
8999,22,man
9030,22,man
9058,22,man
9129,22,man
9135,22,man
9266,22,man
9629,22,man
9736,22,man
9800,22,man
9887,22,man
9998,22,man
10020,22,man
10044,22,man
13094,22,man
13142,22,man
15187,22,man
16952,22,man
17497,22,man
17570,22,man
17605,22,man
17618,22,man
17653,22,man
17672,22,man
18081,22,man
19306,22,man
19327,22,man
19347,22,man
20986,22,man
23376,22,man
23405,22,man
25853,22,man
26966,22,man
27021,22,man
29134,22,man
29678,22,man
29749,22,man
29788,22,man
29801,22,man
29923,22,man
29967,22,man
2045,23,behavior
2191,23,behavior
2374,23,behavior
2387,23,behavior
2880,23,behavior
2922,23,behavior
2955,23,behavior
3074,23,behavior
5874,23,behavior
6089,23,behavior
9363,23,behavior
9418,23,behavior
9483,23,behavior
14045,23,behavior
14080,23,behavior
15249,23,behavior
15437,23,behavior
15590,23,behavior
16004,23,behavior
16183,23,behavior
19147,23,behavior
19883,23,behavior
19926,23,behavior
20455,23,behavior
20843,23,behavior
21257,23,behavior
21415,23,behavior
21450,23,behavior
21484,23,behavior
21508,23,behavior
21644,23,behavior
21775,23,behavior
21842,23,behavior
21955,23,behavior
22184,23,behavior
22560,23,behavior
22691,23,behavior
23030,23,behavior
23044,23,behavior
23141,23,behavior
23163,23,behavior
23218,23,behavior
23273,23,behavior
23288,23,behavior
23457,23,behavior
23570,23,behavior
23589,23,behavior
23675,23,behavior
23691,23,behavior
23785,23,behavior
23967,23,behavior
23992,23,behavior
33040,23,behavior
134,24,even
509,24,even
1283,24,even
3029,24,even
3838,24,even
4010,24,even
4107,24,even
4371,24,even
4932,24,even
5323,24,even
7852,24,even
8540,24,even
9180,24,even
9501,24,even
10179,24,even
10393,24,even
10431,24,even
10691,24,even
11467,24,even
15092,24,even
15121,24,even
15769,24,even
15855,24,even
17841,24,even
18303,24,even
19740,24,even
20718,24,even
20970,24,even
21966,24,even
22449,24,even
23955,24,even
24534,24,even
25137,24,even
25213,24,even
27791,24,even
28241,24,even
29046,24,even
29468,24,even
29540,24,even
30406,24,even
31382,24,even
33326,24,even
1788,25,control
5553,25,control
5568,25,control
8531,25,control
11423,25,control
12459,25,control
12512,25,control
12519,25,control
12746,25,control
12833,25,control
14138,25,control
17843,25,control
18861,25,control
19885,25,control
21481,25,control
21839,25,control
21952,25,control
21986,25,control
22181,25,control
23027,25,control
23270,25,control
23285,25,control
23301,25,control
23309,25,control
23595,25,control
23688,25,control
23756,25,control
23826,25,control
24032,25,control
24059,25,control
24093,25,control
25554,25,control
25797,25,control
25840,25,control
25856,25,control
25875,25,control
25909,25,control
27515,25,control
27845,25,control
27944,25,control
29095,25,control
29686,25,control
29849,25,control
30215,25,control
31589,25,control
31914,25,control
32183,25,control
32915,25,control
33459,25,control
34059,25,control
34350,25,control
34381,25,control
63,26,psychological
123,26,psychological
168,26,psychological
693,26,psychological
786,26,psychological
858,26,psychological
1913,26,psychological
3093,26,psychological
3233,26,psychological
3911,26,psychological
4293,26,psychological
4501,26,psychological
6051,26,psychological
6858,26,psychological
7094,26,psychological
7331,26,psychological
8749,26,psychological
9446,26,psychological
10174,26,psychological
12325,26,psychological
13476,26,psychological
13546,26,psychological
15382,26,psychological
16138,26,psychological
18412,26,psychological
18606,26,psychological
19160,26,psychological
20447,26,psychological
20963,26,psychological
21158,26,psychological
21503,26,psychological
21517,26,psychological
21902,26,psychological
22768,26,psychological
22838,26,psychological
23450,26,psychological
23925,26,psychological
24894,26,psychological
24941,26,psychological
25057,26,psychological
25962,26,psychological
26225,26,psychological
26346,26,psychological
27987,26,psychological
31639,26,psychological
31811,26,psychological
32332,26,psychological
32359,26,psychological
33130,26,psychological
34291,26,psychological
552,27,leftism
561,27,leftism
584,27,leftism
594,27,leftism
682,27,leftism
711,27,leftism
743,27,leftism
798,27,leftism
825,27,leftism
863,27,leftism
882,27,leftism
898,27,leftism
985,27,leftism
2612,27,leftism
3179,27,leftism
4036,27,leftism
31833,27,leftism
31967,27,leftism
32008,27,leftism
32270,27,leftism
32294,27,leftism
32329,27,leftism
32350,27,leftism
32379,27,leftism
32437,27,leftism
32444,27,leftism
32505,27,leftism
32538,27,leftism
32551,27,leftism
32655,27,leftism
33289,27,leftism
33366,27,leftism
33383,27,leftism
33762,27,leftism
33777,27,leftism
33813,27,leftism
33911,27,leftism
33959,27,leftism
34276,27,leftism
34628,27,leftism
34720,27,leftism
34739,27,leftism
34779,27,leftism
34800,27,leftism
314,28,use
2297,28,use
2618,28,use
2827,28,use
2986,28,use
4685,28,use
4799,28,use
5768,28,use
6341,28,use
6362,28,use
6368,28,use
9470,28,use
9976,28,use
10028,28,use
12059,28,use
12817,28,use
13354,28,use
14649,28,use
15961,28,use
16649,28,use
16906,28,use
17196,28,use
17690,28,use
17767,28,use
17832,28,use
17969,28,use
18520,28,use
18602,28,use
21551,28,use
21698,28,use
21768,28,use
22637,28,use
22866,28,use
25958,28,use
26338,28,use
28796,28,use
30092,28,use
30252,28,use
30335,28,use
30347,28,use
31576,28,use
31991,28,use
32169,28,use
32440,28,use
33260,28,use
33354,28,use
33935,28,use
34002,28,use
483,29,example
2410,29,example
2739,29,example
4543,29,example
4920,29,example
5262,29,example
6321,29,example
8906,29,example
9529,29,example
10345,29,example
11617,29,example
11877,29,example
12174,29,example
12758,29,example
12922,29,example
13508,29,example
15440,29,example
15541,29,example
16113,29,example
16399,29,example
16744,29,example
16838,29,example
17562,29,example
18048,29,example
18145,29,example
18329,29,example
18929,29,example
19488,29,example
19814,29,example
20192,29,example
20835,29,example
21145,29,example
22035,29,example
22280,29,example
23483,29,example
25222,29,example
25271,29,example
26572,29,example
28597,29,example
28825,29,example
29086,29,example
29310,29,example
30166,29,example
31133,29,example
507,30,nature
6190,30,nature
6242,30,nature
6435,30,nature
8923,30,nature
14878,30,nature
16963,30,nature
20038,30,nature
20469,30,nature
20596,30,nature
24019,30,nature
24063,30,nature
26875,30,nature
27489,30,nature
27520,30,nature
27524,30,nature
27618,30,nature
27638,30,nature
27654,30,nature
27700,30,nature
27722,30,nature
27732,30,nature
27774,30,nature
27799,30,nature
27823,30,nature
27847,30,nature
27851,30,nature
27878,30,nature
28235,30,nature
28771,30,nature
28912,30,nature
29688,30,nature
29762,30,nature
29804,30,nature
29891,30,nature
29907,30,nature
29919,30,nature
29973,30,nature
30180,30,nature
31700,30,nature
31727,30,nature
31754,30,nature
31770,30,nature
301,31,revolution
308,31,revolution
372,31,revolution
386,31,revolution
14241,31,revolution
14247,31,revolution
14269,31,revolution
14345,31,revolution
18510,31,revolution
19194,31,revolution
19203,31,revolution
20021,31,revolution
20051,31,revolution
20077,31,revolution
20226,31,revolution
20320,31,revolution
20351,31,revolution
20378,31,revolution
24360,31,revolution
27208,31,revolution
27318,31,revolution
28434,31,revolution
28991,31,revolution
29023,31,revolution
29257,31,revolution
29266,31,revolution
29271,31,revolution
29282,31,revolution
30874,31,revolution
33213,31,revolution
33235,31,revolution
400,32,technological
6246,32,technological
6451,32,technological
6481,32,technological
6597,32,technological
12628,32,technological
15163,32,technological
15665,32,technological
16035,32,technological
16802,32,technological
16825,32,technological
17238,32,technological
17331,32,technological
17542,32,technological
17593,32,technological
17976,32,technological
18236,32,technological
18373,32,technological
18501,32,technological
18767,32,technological
18915,32,technological
19023,32,technological
20165,32,technological
21951,32,technological
23284,32,technological
23308,32,technological
26752,32,technological
27102,32,technological
28797,32,technological
28846,32,technological
28881,32,technological
28968,32,technological
29316,32,technological
29876,32,technological
30118,32,technological
30279,32,technological
30307,32,technological
30358,32,technological
30900,32,technological
31530,32,technological
31550,32,technological
31827,32,technological
31959,32,technological
31977,32,technological
1700,33,needs
1735,33,needs
1914,33,needs
2488,33,needs
4208,33,needs
4218,33,needs
4507,33,needs
4582,33,needs
4790,33,needs
4975,33,needs
5001,33,needs
5204,33,needs
5435,33,needs
5451,33,needs
5470,33,needs
7629,33,needs
7743,33,needs
7812,33,needs
7868,33,needs
7900,33,needs
9711,33,needs
10956,33,needs
12326,33,needs
13122,33,needs
13411,33,needs
13418,33,needs
13505,33,needs
15444,33,needs
15997,33,needs
16013,33,needs
16069,33,needs
16097,33,needs
16139,33,needs
16186,33,needs
16318,33,needs
16361,33,needs
17327,33,needs
21923,33,needs
21938,33,needs
22068,33,needs
26025,33,needs
26418,33,needs
34620,33,needs
3263,34,goals
4211,34,goals
4228,34,goals
4388,34,goals
4402,34,goals
4452,34,goals
4458,34,goals
4470,34,goals
4480,34,goals
4508,34,goals
4526,34,goals
4588,34,goals
4599,34,goals
5311,34,goals
5316,34,goals
5534,34,goals
8142,34,goals
8175,34,goals
8464,34,goals
8474,34,goals
9853,34,goals
9858,34,goals
10657,34,goals
10669,34,goals
10678,34,goals
10684,34,goals
10707,34,goals
11454,34,goals
11528,34,goals
12430,34,goals
12434,34,goals
16492,34,goals
16505,34,goals
16551,34,goals
27350,34,goals
30057,34,goals
31651,34,goals
31679,34,goals
31685,34,goals
32596,34,goals
32618,34,goals
32653,34,goals
32690,34,goals
33361,34,goals
478,35,new
6584,35,new
7244,35,new
10414,35,new
11673,35,new
13983,35,new
14003,35,new
14314,35,new
15043,35,new
15072,35,new
15095,35,new
16640,35,new
17923,35,new
17954,35,new
17989,35,new
18296,35,new
18462,35,new
20132,35,new
20838,35,new
21850,35,new
21980,35,new
22640,35,new
22657,35,new
24261,35,new
24997,35,new
25234,35,new
25296,35,new
25323,35,new
26995,35,new
27027,35,new
27261,35,new
27369,35,new
27391,35,new
27421,35,new
27663,35,new
28483,35,new
30757,35,new
32708,35,new
32982,35,new
32988,35,new
2243,36,large
5256,36,large
5674,36,large
6844,36,large
8028,36,large
8277,36,large
8869,36,large
9045,36,large
9468,36,large
10436,36,large
10879,36,large
12258,36,large
12452,36,large
12540,36,large
12835,36,large
13841,36,large
13906,36,large
14870,36,large
14920,36,large
14964,36,large
15340,36,large
15686,36,large
15709,36,large
15784,36,large
17156,36,large
18175,36,large
18406,36,large
20216,36,large
20358,36,large
20976,36,large
22781,36,large
23889,36,large
23915,36,large
25134,36,large
25877,36,large
26488,36,large
26811,36,large
27941,36,large
29815,36,large
31201,36,large
31932,36,large
2072,37,individual
3344,37,individual
3358,37,individual
5517,37,individual
5680,37,individual
5831,37,individual
6618,37,individual
7083,37,individual
7768,37,individual
8683,37,individual
8833,37,individual
8952,37,individual
8979,37,individual
9015,37,individual
10655,37,individual
10689,37,individual
10935,37,individual
11244,37,individual
12464,37,individual
12824,37,individual
13132,37,individual
13270,37,individual
14822,37,individual
15312,37,individual
15645,37,individual
15791,37,individual
16355,37,individual
17934,37,individual
18121,37,individual
20771,37,individual
21253,37,individual
21323,37,individual
22053,37,individual
22575,37,individual
22588,37,individual
22602,37,individual
22675,37,individual
27538,37,individual
29872,37,individual
31899,37,individual
33374,37,individual
33749,37,individual
33890,37,individual
34022,37,individual
34036,37,individual
34300,37,individual
4689,38,surrogate
4752,38,surrogate
4842,38,surrogate
4855,38,surrogate
4925,38,surrogate
4980,38,surrogate
5108,38,surrogate
5190,38,surrogate
5258,38,surrogate
5301,38,surrogate
5357,38,surrogate
5409,38,surrogate
5497,38,surrogate
7914,38,surrogate
8018,38,surrogate
8075,38,surrogate
9860,38,surrogate
10910,38,surrogate
10921,38,surrogate
11028,38,surrogate
11090,38,surrogate
11138,38,surrogate
11144,38,surrogate
11206,38,surrogate
11268,38,surrogate
11367,38,surrogate
11400,38,surrogate
11513,38,surrogate
11545,38,surrogate
11660,38,surrogate
11701,38,surrogate
12131,38,surrogate
12251,38,surrogate
12261,38,surrogate
12436,38,surrogate
13400,38,surrogate
18550,38,surrogate
24112,38,surrogate
32630,38,surrogate
363,39,take
1704,39,take
1780,39,take
2445,39,take
2477,39,take
3354,39,take
4007,39,take
5080,39,take
8312,39,take
8779,39,take
18354,39,take
18363,39,take
19333,39,take
19906,39,take
20145,39,take
20660,39,take
22323,39,take
25341,39,take
26172,39,take
26537,39,take
27074,39,take
27109,39,take
27778,39,take
29120,39,take
29673,39,take
29941,39,take
30421,39,take
30826,39,take
31302,39,take
31705,39,take
32140,39,take
34032,39,take
678,40,get
2991,40,get
3230,40,get
4736,40,get
5277,40,get
5415,40,get
8613,40,get
8640,40,get
9756,40,get
10156,40,get
11054,40,get
11360,40,get
11952,40,get
12141,40,get
13030,40,get
16720,40,get
17302,40,get
18758,40,get
19520,40,get
19637,40,get
21067,40,get
21075,40,get
22123,40,get
22941,40,get
22994,40,get
24301,40,get
25448,40,get
26218,40,get
27751,40,get
28500,40,get
29323,40,get
29338,40,get
30303,40,get
30717,40,get
31221,40,get
32178,40,get
33447,40,get
9289,41,thus
517,42,important
2865,42,important
3155,42,important
3877,42,important
4029,42,important
4451,42,important
5163,42,important
5283,42,important
6126,42,important
7326,42,important
8564,42,important
11039,42,important
11047,42,important
11275,42,important
11542,42,important
12564,42,important
12606,42,important
12780,42,important
13884,42,important
14231,42,important
14511,42,important
17907,42,important
18715,42,important
19114,42,important
19802,42,important
20962,42,important
21820,42,important
22837,42,important
23679,42,important
23838,42,important
24752,42,important
26928,42,important
28117,42,important
28759,42,important
30713,42,important
686,43,much
2385,43,much
3803,43,much
4760,43,much
7500,43,much
8503,43,much
8608,43,much
8619,43,much
8767,43,much
11422,43,much
11988,43,much
12200,43,much
13071,43,much
13537,43,much
16192,43,much
16589,43,much
16795,43,much
17000,43,much
17646,43,much
18170,43,much
20054,43,much
20079,43,much
20159,43,much
21299,43,much
21376,43,much
22999,43,much
24197,43,much
24585,43,much
24911,43,much
29681,43,much
29685,43,much
30596,43,much
31231,43,much
32085,43,much
32334,43,much
33805,43,much
4386,44,must
4516,44,must
5538,44,must
5546,44,must
6622,44,must
7886,44,must
8196,44,must
8417,44,must
8435,44,must
10085,44,must
10155,44,must
12398,44,must
16174,44,must
16305,44,must
16545,44,must
16621,44,must
17831,44,must
19372,44,must
21058,44,must
22491,44,must
24332,44,must
27453,44,must
27466,44,must
27901,44,must
29283,44,must
30048,44,must
30293,44,must
30334,44,must
30798,44,must
31601,44,must
31704,44,must
31711,44,must
33186,44,must
34557,44,must
6196,45,change
6452,45,change
6799,45,change
7002,45,change
7071,45,change
7143,45,change
7165,45,change
7297,45,change
13614,45,change
13629,45,change
13695,45,change
13723,45,change
13737,45,change
13753,45,change
13835,45,change
13882,45,change
13901,45,change
13941,45,change
13967,45,change
14042,45,change
14189,45,change
14223,45,change
14371,45,change
14409,45,change
14830,45,change
14855,45,change
18908,45,change
18994,45,change
19074,45,change
20035,45,change
20056,45,change
22153,45,change
22661,45,change
28318,45,change
32959,45,change
34158,45,change
84,46,world
112,46,world
550,46,world
1189,46,world
5927,46,world
6406,46,world
6428,46,world
8554,46,world
14524,46,world
15511,46,world
15982,46,world
17308,46,world
18076,46,world
20133,46,world
21052,46,world
22695,46,world
24522,46,world
24847,46,world
24914,46,world
25981,46,world
26322,46,world
27262,46,world
29347,46,world
29388,46,world
29417,46,world
29463,46,world
29588,46,world
29646,46,world
30663,46,world
30732,46,world
30766,46,world
31465,46,world
31751,46,world
31792,46,world
33652,46,world
71,47,physical
132,47,physical
166,47,physical
3882,47,physical
4411,47,physical
4460,47,physical
4581,47,physical
4617,47,physical
4801,47,physical
5000,47,physical
5082,47,physical
5150,47,physical
5742,47,physical
7584,47,physical
7613,47,physical
7628,47,physical
8124,47,physical
8756,47,physical
9639,47,physical
9882,47,physical
9927,47,physical
9946,47,physical
9971,47,physical
11159,47,physical
11718,47,physical
14055,47,physical
17290,47,physical
20433,47,physical
20910,47,physical
23939,47,physical
24760,47,physical
26024,47,physical
26825,47,physical
26996,47,physical
29013,47,physical
3032,48,without
4438,48,without
4948,48,without
6512,48,without
7304,48,without
10366,48,without
12305,48,without
12440,48,without
13886,48,without
15030,48,without
15456,48,without
16368,48,without
16799,48,without
16820,48,without
17583,48,without
18272,48,without
18635,48,without
22678,48,without
22760,48,without
22944,48,without
24539,48,without
25547,48,without
27701,48,without
28511,48,without
30324,48,without
30942,48,without
31178,48,without
31213,48,without
31338,48,without
31793,48,without
31809,48,without
31824,48,without
33982,48,without
4200,49,effort
4215,49,effort
4439,49,effort
4512,49,effort
4795,49,effort
4992,49,effort
5030,49,effort
5445,49,effort
5603,49,effort
5795,49,effort
7195,49,effort
7468,49,effort
7485,49,effort
7501,49,effort
7604,49,effort
7625,49,effort
7644,49,effort
7666,49,effort
7788,49,effort
7859,49,effort
8504,49,effort
9093,49,effort
9939,49,effort
10515,49,effort
10774,49,effort
11187,49,effort
11203,49,effort
11211,49,effort
11724,49,effort
11816,49,effort
12112,49,effort
25523,49,effort
30301,49,effort
